ID,Site,num_inoculated_wells,positive_well_med,positive_well_95pc_low,positive_well_95pc_high,taxon_positive_med,taxon_positive_95pc_low,taxon_positive_95pc_high,pure_well_med,pure_well_95pc_low,pure_well_95pc_high,taxon_pure_med,taxon_pure_95pc_low,taxon_pure_95pc_high
2995,ARD2c,460,398.0,384.0,412.1,12.0,7.45,19.549999999999997,124.0,108.44999999999999,140.1,1.0,0.0,6.0
2995,ARD3,460,398.0,383.9,410.54999999999995,1.0,0.0,3.549999999999997,124.0,108.44999999999999,145.55,0.0,0.0,1.0
2995,CJ,460,333.0,315.9,349.54999999999995,0.0,0.0,0.0,163.0,145.45,183.0,0.0,0.0,0.0
2995,CJ2,460,398.0,381.45,409.54999999999995,0.0,0.0,0.0,126.0,105.35,139.55,0.0,0.0,0.0
2995,CJ3,460,399.0,383.35,408.0,0.0,0.0,0.0,125.0,109.0,144.55,0.0,0.0,0.0
2995,FWC,460,397.0,383.9,410.0,4.0,0.4500000000000002,8.0,125.0,105.9,141.0,0.0,0.0,2.0
2995,FWC2,460,398.0,381.45,414.54999999999995,0.0,0.0,0.0,124.0,107.0,139.75,0.0,0.0,0.0
2995,FWC3,460,397.0,384.9,411.65,0.0,0.0,0.0,126.0,106.8,141.1,0.0,0.0,0.0
2995,JLB,460,396.0,380.8,409.54999999999995,0.0,0.0,0.0,128.0,108.44999999999999,143.55,0.0,0.0,0.0
2995,JLB2c,460,398.0,383.9,413.1,3.0,1.0,6.549999999999997,127.0,109.0,147.39999999999998,0.0,0.0,2.0
2995,JLB3,460,397.0,385.45000000000005,410.54999999999995,0.0,0.0,2.0,125.0,106.0,137.0,0.0,0.0,0.5499999999999972
2995,LKB,460,397.0,382.0,411.0,0.0,0.0,0.5499999999999972,123.0,108.0,140.55,0.0,0.0,0.0
2995,LKB2,460,398.0,383.0,412.0,0.0,0.0,0.0,123.0,105.44999999999999,142.55,0.0,0.0,0.0
2995,LKB3,460,398.0,383.45,410.0,4.0,0.4500000000000002,7.549999999999997,123.0,108.0,141.55,0.0,0.0,2.0
2995,Tbon2,460,399.0,384.0,409.54999999999995,0.0,0.0,0.0,124.0,111.0,144.64999999999998,0.0,0.0,0.0
2995,Tbon3,460,398.0,382.0,411.1,0.0,0.0,0.0,124.0,107.0,140.0,0.0,0.0,0.0
2914,ARD2c,460,397.0,382.45000000000005,409.54999999999995,0.0,0.0,0.0,125.0,104.45,142.55,0.0,0.0,0.0
2914,ARD3,460,399.0,383.0,410.54999999999995,0.0,0.0,1.0,125.0,104.45,144.0,0.0,0.0,0.0
2914,CJ,460,331.0,310.9,347.55,1.0,0.0,4.0,163.0,145.89999999999998,183.64999999999998,0.0,0.0,2.0
2914,CJ2,460,398.0,384.45,410.65,1.0,0.0,3.0,126.0,106.45,143.1,0.0,0.0,1.0
2914,CJ3,460,397.0,382.0,411.55,0.0,0.0,1.5499999999999972,123.0,107.45,142.1,0.0,0.0,1.0
2914,FWC,460,398.0,382.9,409.54999999999995,1.0,0.0,4.0,125.0,107.0,145.0,0.0,0.0,1.0
2914,FWC2,460,398.0,382.45000000000005,413.54999999999995,0.0,0.0,1.5499999999999972,123.0,110.0,145.1,0.0,0.0,0.5499999999999972
2914,FWC3,460,397.0,383.0,408.55,0.0,0.0,2.0,122.0,103.9,140.1,0.0,0.0,1.0
2914,JLB,460,396.0,381.0,411.65,1.0,0.0,3.0,127.0,107.80000000000001,146.55,0.0,0.0,1.0
2914,JLB2c,460,398.0,382.9,409.54999999999995,0.0,0.0,3.0,125.0,106.9,144.0,0.0,0.0,1.0
2914,JLB3,460,399.0,386.45,412.0,11.0,7.0,17.0,126.0,106.45,143.1,1.0,0.0,5.0
2914,LKB,460,399.0,384.0,411.55,0.0,0.0,1.0,124.0,106.0,142.1,0.0,0.0,0.0
2914,LKB2,460,398.0,383.35,412.1,0.0,0.0,0.0,125.0,102.7,144.1,0.0,0.0,0.0
2914,LKB3,460,399.0,383.45,410.0,0.0,0.0,2.0,124.0,106.45,144.0,0.0,0.0,1.0
2914,Tbon2,460,398.0,383.9,412.55,0.0,0.0,2.0,126.0,103.45,142.0,0.0,0.0,1.0
2914,Tbon3,460,397.0,384.45,410.54999999999995,2.0,0.0,5.0,125.0,111.0,140.64999999999998,0.0,0.0,1.0
1000,ARD2c,460,398.0,382.45000000000005,408.0,0.0,0.0,1.0,126.0,105.9,140.0,0.0,0.0,1.0
1000,ARD3,460,398.0,383.0,413.65,2.0,0.0,5.0,125.0,104.0,145.0,0.0,0.0,1.5499999999999972
1000,CJ,460,330.0,312.35,350.0,0.0,0.0,2.0,163.0,145.45,185.55,0.0,0.0,1.0
1000,CJ2,460,397.0,385.45000000000005,411.55,3.0,0.0,6.0,124.0,106.45,140.0,0.0,0.0,2.0
1000,CJ3,460,398.0,381.9,414.09999999999997,1.0,0.0,3.0,127.0,110.44999999999999,143.0,0.0,0.0,1.0
1000,FWC,460,397.0,384.45,410.0,0.0,0.0,1.0,123.0,105.35,141.0,0.0,0.0,0.0
1000,FWC2,460,398.0,383.45,411.55,0.0,0.0,2.0,126.0,110.44999999999999,145.55,0.0,0.0,1.0
1000,FWC3,460,399.0,385.0,410.0,2.0,0.0,4.0,124.0,108.44999999999999,143.1,0.0,0.0,2.0
1000,JLB,460,394.0,382.35,409.0,0.0,0.0,2.0,128.0,108.9,146.0,0.0,0.0,1.0
1000,JLB2c,460,398.0,381.35,409.0,5.0,1.0,10.0,123.0,105.0,139.0,0.0,0.0,3.0
1000,JLB3,460,397.0,381.35,409.0,3.0,1.0,7.0,124.0,105.9,146.75,0.0,0.0,1.5499999999999972
1000,LKB,460,398.0,385.0,409.54999999999995,2.0,0.0,4.549999999999997,124.0,102.44999999999999,145.84999999999997,0.0,0.0,1.5499999999999972
1000,LKB2,460,397.0,384.0,412.65,1.0,0.0,4.0,123.0,108.0,139.55,0.0,0.0,1.0
1000,LKB3,460,399.0,385.45000000000005,411.55,0.0,0.0,3.0,125.0,104.35,143.1,0.0,0.0,1.0
1000,Tbon2,460,398.0,380.35,408.55,3.0,0.0,6.549999999999997,122.0,106.45,143.64999999999998,0.0,0.0,2.549999999999997
1000,Tbon3,460,398.0,380.4,410.54999999999995,2.0,0.0,6.549999999999997,124.0,107.45,142.55,0.0,0.0,1.5499999999999972
2812,ARD2c,460,399.0,387.0,410.0,0.0,0.0,0.0,124.0,105.80000000000001,140.55,0.0,0.0,0.0
2812,ARD3,460,398.0,385.45000000000005,412.65,3.0,0.0,5.549999999999997,125.0,110.9,144.2,0.0,0.0,2.0
2812,CJ,460,330.0,317.45,350.09999999999997,0.0,0.0,0.0,164.0,149.45,182.75,0.0,0.0,0.0
2812,CJ2,460,397.0,385.45000000000005,410.0,0.0,0.0,0.0,125.0,109.45,146.55,0.0,0.0,0.0
2812,CJ3,460,399.0,383.0,413.54999999999995,0.0,0.0,0.0,126.0,106.25,142.1,0.0,0.0,0.0
2812,FWC,460,397.0,383.0,410.09999999999997,0.0,0.0,1.0,124.0,104.45,137.55,0.0,0.0,0.0
2812,FWC2,460,397.0,388.0,410.09999999999997,0.0,0.0,0.0,125.0,106.0,143.55,0.0,0.0,0.0
2812,FWC3,460,396.0,382.0,411.55,0.0,0.0,1.0,126.0,111.0,145.1,0.0,0.0,0.0
2812,JLB,460,395.0,380.45000000000005,409.54999999999995,0.0,0.0,0.0,125.0,103.8,142.0,0.0,0.0,0.0
2812,JLB2c,460,399.0,383.0,411.0,1.0,0.0,5.0,125.0,105.35,143.64999999999998,0.0,0.0,2.0
2812,JLB3,460,398.0,383.45,411.2,8.0,3.0,14.0,126.0,108.35,144.0,1.0,0.0,3.0
2812,LKB,460,398.0,384.25,413.1,1.0,0.0,2.0,125.0,106.9,144.1,0.0,0.0,1.0
2812,LKB2,460,398.0,384.45,414.09999999999997,0.0,0.0,0.0,126.0,108.0,144.55,0.0,0.0,0.0
2812,LKB3,460,397.0,383.0,412.55,0.0,0.0,2.0,124.0,103.9,142.55,0.0,0.0,1.0
2812,Tbon2,460,397.0,381.45,407.0,0.0,0.0,0.0,122.0,108.44999999999999,138.2,0.0,0.0,0.0
2812,Tbon3,460,398.0,382.35,411.0,0.0,0.0,0.0,125.0,108.35,140.0,0.0,0.0,0.0
2825,ARD2c,460,398.0,382.0,408.55,1.0,0.0,4.0,126.0,109.0,141.55,0.0,0.0,1.0
2825,ARD3,460,397.0,381.45,412.2,1.0,0.0,4.0,124.0,106.25,141.0,0.0,0.0,1.0
2825,CJ,460,330.0,308.45000000000005,347.1,0.0,0.0,0.0,166.0,147.9,179.55,0.0,0.0,0.0
2825,CJ2,460,397.0,384.45,408.55,0.0,0.0,2.0,124.0,104.45,139.1,0.0,0.0,1.0
2825,CJ3,460,399.0,384.45,409.54999999999995,0.0,0.0,0.0,124.0,106.45,140.1,0.0,0.0,0.0
2825,FWC,460,398.0,386.0,411.0,0.0,0.0,1.0,126.0,109.45,146.55,0.0,0.0,0.0
2825,FWC2,460,400.0,381.9,411.55,0.0,0.0,1.0,124.0,108.9,141.1,0.0,0.0,0.0
2825,FWC3,460,396.0,384.0,411.55,0.0,0.0,1.0,124.0,103.25,140.0,0.0,0.0,0.0
2825,JLB,460,396.0,377.79999999999995,407.0,0.0,0.0,3.0,126.0,106.45,146.0,0.0,0.0,1.0
2825,JLB2c,460,397.0,383.0,411.0,4.0,1.0,7.549999999999997,124.0,106.45,140.75,0.0,0.0,2.0
2825,JLB3,460,397.0,384.9,412.65,6.0,2.0,12.0,125.0,109.0,143.0,1.0,0.0,2.0
2825,LKB,460,398.0,379.45,410.54999999999995,0.0,0.0,0.5499999999999972,124.0,106.9,143.0,0.0,0.0,0.0
2825,LKB2,460,396.0,383.45,408.0,0.0,0.0,0.0,125.0,106.45,142.0,0.0,0.0,0.0
2825,LKB3,460,398.0,383.45,412.1,0.0,0.0,2.0,124.0,108.44999999999999,144.0,0.0,0.0,1.0
2825,Tbon2,460,399.0,386.45,414.0,0.0,0.0,0.0,124.0,109.0,140.64999999999998,0.0,0.0,0.0
2825,Tbon3,460,398.0,385.45000000000005,412.55,0.0,0.0,0.0,127.0,106.0,144.0,0.0,0.0,0.0
2828,ARD2c,460,397.0,382.45000000000005,408.55,0.0,0.0,1.0,124.0,108.9,140.1,0.0,0.0,0.0
2828,ARD3,460,398.0,385.0,411.1,1.0,0.0,3.0,126.0,104.45,140.55,0.0,0.0,1.0
2828,CJ,460,330.0,312.0,346.09999999999997,0.0,0.0,0.0,164.0,141.45,182.55,0.0,0.0,0.0
2828,CJ2,460,397.0,381.35,410.54999999999995,0.0,0.0,1.0,124.0,110.0,145.0,0.0,0.0,0.0
2828,CJ3,460,398.0,379.0,412.55,0.0,0.0,0.0,126.0,104.45,141.55,0.0,0.0,0.0
2828,FWC,460,398.0,385.9,414.2,0.0,0.0,0.0,125.0,108.0,141.0,0.0,0.0,0.0
2828,FWC2,460,399.0,381.45,412.0,0.0,0.0,0.0,123.0,108.0,141.55,0.0,0.0,0.0
2828,FWC3,460,397.0,384.45,412.65,0.0,0.0,0.5499999999999972,125.0,108.44999999999999,141.1,0.0,0.0,0.0
2828,JLB,460,394.0,379.35,410.2,0.0,0.0,2.0,124.0,108.44999999999999,146.0,0.0,0.0,1.0
2828,JLB2c,460,398.0,384.0,410.54999999999995,1.0,0.0,3.0,125.0,109.45,143.55,0.0,0.0,1.0
2828,JLB3,460,397.0,383.0,412.55,3.0,0.0,7.0,124.0,108.35,144.55,0.0,0.0,2.0
2828,LKB,460,398.0,384.0,411.0,0.0,0.0,0.0,123.0,103.9,141.0,0.0,0.0,0.0
2828,LKB2,460,398.0,382.79999999999995,412.1,0.0,0.0,0.0,126.0,106.45,147.0,0.0,0.0,0.0
2828,LKB3,460,399.0,386.0,412.0,0.0,0.0,1.0,125.0,106.0,143.0,0.0,0.0,0.0
2828,Tbon2,460,398.0,383.45,411.55,0.0,0.0,0.0,127.0,110.44999999999999,140.55,0.0,0.0,0.0
2828,Tbon3,460,397.0,381.0,413.54999999999995,0.0,0.0,0.0,127.0,110.0,142.1,0.0,0.0,0.0
5019,ARD2c,460,398.0,383.0,410.54999999999995,6.0,2.0,11.0,124.0,107.0,144.55,1.0,0.0,3.0
5019,ARD3,460,397.0,383.45,410.54999999999995,1.0,0.0,4.0,124.0,102.44999999999999,142.0,0.0,0.0,1.5499999999999972
5019,CJ,460,333.0,315.0,350.54999999999995,0.0,0.0,0.0,166.0,149.9,182.0,0.0,0.0,0.0
5019,CJ2,460,397.0,384.45,412.0,0.0,0.0,0.0,126.0,107.45,145.55,0.0,0.0,0.0
5019,CJ3,460,397.0,387.9,410.0,0.0,0.0,0.0,122.0,104.45,141.55,0.0,0.0,0.0
5019,FWC,460,397.0,385.45000000000005,410.09999999999997,0.0,0.0,2.0,124.0,104.9,143.0,0.0,0.0,1.0
5019,FWC2,460,396.0,381.0,412.55,0.0,0.0,1.0,124.0,104.45,139.55,0.0,0.0,0.0
5019,FWC3,460,399.0,387.45000000000005,411.0,0.0,0.0,1.0,126.0,103.9,142.1,0.0,0.0,0.5499999999999972
5019,JLB,460,394.0,381.9,408.0,0.0,0.0,2.0,129.0,111.45,146.1,0.0,0.0,0.5499999999999972
5019,JLB2c,460,397.0,384.0,409.54999999999995,2.0,0.0,6.0,124.0,108.35,143.1,0.0,0.0,2.0
5019,JLB3,460,397.0,386.0,410.0,2.0,0.0,5.0,125.0,111.45,141.55,0.0,0.0,1.5499999999999972
5019,LKB,460,398.0,385.9,413.54999999999995,0.0,0.0,1.0,125.0,106.0,145.2,0.0,0.0,0.5499999999999972
5019,LKB2,460,398.0,382.9,411.55,0.0,0.0,1.0,123.0,108.0,140.0,0.0,0.0,0.0
5019,LKB3,460,398.0,384.0,411.55,0.0,0.0,1.0,124.0,103.45,141.1,0.0,0.0,0.0
5019,Tbon2,460,397.0,383.0,411.0,0.0,0.0,0.0,126.0,106.45,140.0,0.0,0.0,0.0
5019,Tbon3,460,398.0,381.45,411.1,0.0,0.0,1.0,124.0,110.44999999999999,143.0,0.0,0.0,0.0
7731,ARD2c,460,397.0,382.45000000000005,410.0,1.0,0.0,3.0,125.0,104.0,140.55,0.0,0.0,1.0
7731,ARD3,460,397.0,385.45000000000005,409.0,9.0,4.0,14.0,124.0,106.9,143.55,1.0,0.0,4.0
7731,CJ,460,332.0,310.35,351.55,0.0,0.0,0.0,163.0,142.9,183.55,0.0,0.0,0.0
7731,CJ2,460,398.0,383.45,410.0,0.0,0.0,0.0,127.0,111.9,145.0,0.0,0.0,0.0
7731,CJ3,460,398.0,386.0,413.1,0.0,0.0,0.0,122.0,107.45,142.1,0.0,0.0,0.0
7731,FWC,460,396.0,381.0,410.09999999999997,3.0,0.0,7.0,122.0,102.80000000000001,142.64999999999998,0.0,0.0,2.0
7731,FWC2,460,399.0,385.0,410.0,2.0,0.0,4.549999999999997,123.0,108.9,143.0,0.0,0.0,2.0
7731,FWC3,460,397.0,383.45,410.54999999999995,0.0,0.0,2.0,124.0,104.9,142.1,0.0,0.0,1.0
7731,JLB,460,395.0,381.0,408.55,1.0,0.0,3.0,126.0,112.0,148.2,0.0,0.0,1.0
7731,JLB2c,460,398.0,386.0,410.0,10.0,6.0,19.0,124.0,107.45,143.1,1.0,0.0,4.0
7731,JLB3,460,399.0,382.45000000000005,412.0,14.0,8.0,20.549999999999997,123.0,109.35,141.64999999999998,2.0,0.0,5.0
7731,LKB,460,399.0,384.45,409.54999999999995,6.0,3.0,10.549999999999997,125.0,106.45,142.55,1.0,0.0,2.0
7731,LKB2,460,398.0,383.0,410.54999999999995,3.0,0.0,7.549999999999997,125.0,107.80000000000001,144.55,0.0,0.0,2.0
7731,LKB3,460,397.0,384.0,412.55,4.0,1.0,9.0,125.0,105.80000000000001,142.55,0.0,0.0,2.0
7731,Tbon2,460,398.0,382.45000000000005,414.0,0.0,0.0,0.0,125.0,104.9,140.1,0.0,0.0,0.0
7731,Tbon3,460,397.0,382.0,406.54999999999995,0.0,0.0,1.5499999999999972,124.0,103.9,140.55,0.0,0.0,1.0
2843,ARD2c,460,398.0,383.45,411.0,0.0,0.0,2.0,124.0,102.44999999999999,143.2,0.0,0.0,1.0
2843,ARD3,460,399.0,382.45000000000005,410.54999999999995,1.0,0.0,2.0,125.0,113.44999999999999,145.1,0.0,0.0,1.0
2843,CJ,460,332.0,310.45,349.54999999999995,0.0,0.0,0.0,164.0,144.35000000000002,182.0,0.0,0.0,0.0
2843,CJ2,460,399.0,383.45,413.54999999999995,0.0,0.0,0.0,123.0,108.44999999999999,143.55,0.0,0.0,0.0
2843,CJ3,460,397.0,382.45000000000005,411.1,0.0,0.0,0.0,124.0,107.0,140.1,0.0,0.0,0.0
2843,FWC,460,399.0,383.45,413.1,0.0,0.0,1.0,126.0,106.0,144.1,0.0,0.0,0.0
2843,FWC2,460,396.0,377.45000000000005,409.1,0.0,0.0,0.0,123.0,110.0,141.64999999999998,0.0,0.0,0.0
2843,FWC3,460,399.0,382.35,412.0,0.0,0.0,0.0,125.0,108.44999999999999,141.55,0.0,0.0,0.0
2843,JLB,460,397.0,380.0,412.2,0.0,0.0,0.0,127.0,112.45,148.55,0.0,0.0,0.0
2843,JLB2c,460,398.0,383.35,410.0,0.0,0.0,1.0,122.0,105.44999999999999,142.55,0.0,0.0,0.0
2843,JLB3,460,398.0,385.45000000000005,413.0,0.0,0.0,1.0,125.0,108.0,143.75,0.0,0.0,0.0
2843,LKB,460,398.0,383.9,411.0,0.0,0.0,0.0,125.0,105.44999999999999,140.55,0.0,0.0,0.0
2843,LKB2,460,399.0,386.0,413.54999999999995,0.0,0.0,0.0,125.0,104.35,142.1,0.0,0.0,0.0
2843,LKB3,460,398.0,385.45000000000005,414.54999999999995,0.0,0.0,0.0,124.0,100.8,143.1,0.0,0.0,0.0
2843,Tbon2,460,396.0,380.35,409.0,0.0,0.0,0.0,125.0,104.35,143.0,0.0,0.0,0.0
2843,Tbon3,460,397.0,384.45,412.55,0.0,0.0,0.0,124.0,108.44999999999999,144.1,0.0,0.0,0.0
5073,ARD2c,460,399.0,382.45000000000005,413.65,0.0,0.0,0.0,125.0,106.35,142.0,0.0,0.0,0.0
5073,ARD3,460,399.0,382.45000000000005,409.0,0.0,0.0,0.0,123.0,105.44999999999999,139.64999999999998,0.0,0.0,0.0
5073,CJ,460,332.0,310.45,353.1,10.0,6.0,17.0,164.0,149.9,181.55,3.0,0.0,6.549999999999997
5073,CJ2,460,398.0,384.45,411.0,5.0,1.0,10.0,124.0,109.45,141.55,1.0,0.0,3.0
5073,CJ3,460,397.0,387.0,412.0,14.0,7.45,21.0,124.0,107.45,139.0,2.0,0.0,6.0
5073,FWC,460,397.0,383.0,412.0,0.0,0.0,1.0,125.0,104.45,142.0,0.0,0.0,0.0
5073,FWC2,460,396.0,380.9,410.0,19.0,12.0,27.549999999999997,124.0,107.0,143.55,3.0,1.0,6.0
5073,FWC3,460,398.0,381.9,411.0,6.0,1.4500000000000002,11.0,123.0,108.44999999999999,140.1,1.0,0.0,3.0
5073,JLB,460,395.0,380.45000000000005,409.54999999999995,22.0,11.45,30.549999999999997,129.0,108.9,149.55,3.0,0.4500000000000002,7.0
5073,JLB2c,460,398.0,382.45000000000005,413.75,0.0,0.0,1.0,124.0,108.44999999999999,145.1,0.0,0.0,0.0
5073,JLB3,460,397.0,382.45000000000005,411.55,6.0,3.0,11.0,124.0,110.0,141.0,1.0,0.0,3.549999999999997
5073,LKB,460,399.0,384.9,411.0,0.0,0.0,0.0,126.0,111.45,141.64999999999998,0.0,0.0,0.0
5073,LKB2,460,396.0,383.0,408.55,0.0,0.0,0.0,124.0,107.0,139.0,0.0,0.0,0.0
5073,LKB3,460,398.0,383.0,410.0,0.0,0.0,0.0,125.0,110.9,143.1,0.0,0.0,0.0
5073,Tbon2,460,398.0,382.0,411.1,3.0,1.0,7.0,125.0,109.45,140.55,0.0,0.0,2.0
5073,Tbon3,460,397.0,382.0,411.55,17.0,10.0,25.549999999999997,122.0,101.45,141.2,2.0,0.0,5.549999999999997
6516,ARD2c,460,398.0,381.9,409.54999999999995,0.0,0.0,0.0,124.0,107.45,141.55,0.0,0.0,0.0
6516,ARD3,460,397.0,384.45,412.1,0.0,0.0,0.0,124.0,106.8,140.1,0.0,0.0,0.0
6516,CJ,460,331.0,311.45000000000005,346.0,5.0,2.0,9.549999999999997,166.0,147.35,183.1,1.0,0.0,4.0
6516,CJ2,460,398.0,385.0,411.55,4.0,0.4500000000000002,7.549999999999997,124.0,106.45,144.0,0.0,0.0,2.0
6516,CJ3,460,398.0,379.9,410.54999999999995,9.0,4.0,15.0,123.0,111.0,142.1,1.0,0.0,4.549999999999997
6516,FWC,460,397.0,384.0,411.0,0.0,0.0,0.0,126.0,106.45,142.1,0.0,0.0,0.0
6516,FWC2,460,399.0,380.45000000000005,411.1,1.0,0.0,4.549999999999997,122.0,108.44999999999999,140.64999999999998,0.0,0.0,1.5499999999999972
6516,FWC3,460,399.0,381.35,411.0,2.0,0.0,4.549999999999997,125.0,108.44999999999999,143.0,0.0,0.0,1.0
6516,JLB,460,396.0,385.0,407.0,7.0,2.0,12.099999999999994,128.0,110.44999999999999,143.55,1.0,0.0,3.0
6516,JLB2c,460,399.0,384.9,409.54999999999995,0.0,0.0,0.0,124.0,109.45,142.55,0.0,0.0,0.0
6516,JLB3,460,399.0,383.45,412.0,0.0,0.0,3.0,125.0,109.0,144.0,0.0,0.0,1.0
6516,LKB,460,397.0,383.45,413.1,0.0,0.0,0.0,124.0,106.8,146.0,0.0,0.0,0.0
6516,LKB2,460,399.0,384.45,413.54999999999995,0.0,0.0,0.0,124.0,110.0,141.55,0.0,0.0,0.0
6516,LKB3,460,397.0,381.0,412.0,0.0,0.0,0.0,127.0,109.45,142.55,0.0,0.0,0.0
6516,Tbon2,460,397.0,384.35,408.55,1.0,0.0,3.549999999999997,125.0,108.0,142.55,0.0,0.0,2.0
6516,Tbon3,460,396.0,382.45000000000005,411.0,2.0,0.0,6.0,123.0,106.0,144.95,0.0,0.0,1.0
7192,ARD2c,460,399.0,386.0,411.55,0.0,0.0,0.0,124.0,101.80000000000001,142.1,0.0,0.0,0.0
7192,ARD3,460,400.0,385.0,411.0,0.0,0.0,0.0,124.0,105.0,147.55,0.0,0.0,0.0
7192,CJ,460,330.0,313.45000000000005,348.55,1.0,0.0,3.0,164.0,143.9,184.55,0.0,0.0,1.5499999999999972
7192,CJ2,460,400.0,386.9,410.0,0.0,0.0,1.5499999999999972,125.0,109.45,146.55,0.0,0.0,0.5499999999999972
7192,CJ3,460,398.0,383.45,415.0,0.0,0.0,2.0,125.0,106.9,144.1,0.0,0.0,1.0
7192,FWC,460,399.0,385.45000000000005,409.54999999999995,0.0,0.0,0.0,124.0,107.45,140.0,0.0,0.0,0.0
7192,FWC2,460,397.0,385.45000000000005,411.55,0.0,0.0,0.0,125.0,106.9,138.55,0.0,0.0,0.0
7192,FWC3,460,397.0,384.0,412.0,0.0,0.0,0.5499999999999972,124.0,105.0,138.64999999999998,0.0,0.0,0.0
7192,JLB,460,396.0,379.9,409.54999999999995,0.0,0.0,0.0,128.0,113.44999999999999,145.55,0.0,0.0,0.0
7192,JLB2c,460,398.0,385.0,415.1,0.0,0.0,0.0,126.0,110.44999999999999,141.55,0.0,0.0,0.0
7192,JLB3,460,397.0,380.45000000000005,413.0,0.0,0.0,0.0,124.0,110.0,145.2,0.0,0.0,0.0
7192,LKB,460,398.0,385.0,410.0,0.0,0.0,0.0,124.0,105.44999999999999,145.55,0.0,0.0,0.0
7192,LKB2,460,398.0,384.0,408.55,0.0,0.0,0.0,124.0,105.44999999999999,143.55,0.0,0.0,0.0
7192,LKB3,460,398.0,384.45,410.0,0.0,0.0,0.0,124.0,105.0,146.64999999999998,0.0,0.0,0.0
7192,Tbon2,460,398.0,385.0,408.55,0.0,0.0,0.0,123.0,103.35,140.1,0.0,0.0,0.0
7192,Tbon3,460,398.0,383.9,413.54999999999995,0.0,0.0,1.0,124.0,105.44999999999999,141.1,0.0,0.0,0.0
7193,ARD2c,460,398.0,385.9,414.0,0.0,0.0,0.0,125.0,108.0,142.0,0.0,0.0,0.0
7193,ARD3,460,398.0,383.0,411.55,0.0,0.0,0.0,124.0,104.9,140.1,0.0,0.0,0.0
7193,CJ,460,331.0,312.45,348.1,0.0,0.0,2.0,162.0,148.9,183.55,0.0,0.0,1.0
7193,CJ2,460,397.0,384.45,409.0,1.0,0.0,3.0,127.0,104.45,143.64999999999998,0.0,0.0,1.0
7193,CJ3,460,398.0,380.45000000000005,411.65,1.0,0.0,4.0,124.0,108.9,145.64999999999998,0.0,0.0,2.0
7193,FWC,460,397.0,384.45,409.0,0.0,0.0,0.0,124.0,107.45,143.1,0.0,0.0,0.0
7193,FWC2,460,399.0,385.0,412.1,0.0,0.0,0.0,126.0,108.0,145.1,0.0,0.0,0.0
7193,FWC3,460,398.0,384.45,410.54999999999995,0.0,0.0,1.0,124.0,106.0,145.55,0.0,0.0,0.0
7193,JLB,460,395.0,381.45,408.1,0.0,0.0,0.0,128.0,109.35,144.55,0.0,0.0,0.0
7193,JLB2c,460,398.0,384.45,410.0,0.0,0.0,0.0,125.0,106.0,141.2,0.0,0.0,0.0
7193,JLB3,460,398.0,385.45000000000005,410.2,0.0,0.0,0.0,122.0,105.25,139.0,0.0,0.0,0.0
7193,LKB,460,399.0,383.0,410.0,0.0,0.0,0.0,124.0,108.44999999999999,145.1,0.0,0.0,0.0
7193,LKB2,460,397.0,380.0,410.0,0.0,0.0,0.0,124.0,107.35,140.0,0.0,0.0,0.0
7193,LKB3,460,399.0,384.9,414.0,0.0,0.0,0.0,126.0,108.0,142.55,0.0,0.0,0.0
7193,Tbon2,460,396.0,383.45,412.1,0.0,0.0,0.0,126.0,107.0,146.2,0.0,0.0,0.0
7193,Tbon3,460,399.0,382.45000000000005,409.54999999999995,0.0,0.0,1.0,126.0,104.9,140.55,0.0,0.0,0.0
5713,ARD2c,460,397.0,384.0,411.0,0.0,0.0,0.0,124.0,106.35,143.55,0.0,0.0,0.0
5713,ARD3,460,398.0,386.0,410.54999999999995,4.0,1.0,8.549999999999997,124.0,106.0,139.55,0.0,0.0,3.0
5713,CJ,460,329.0,313.35,346.54999999999995,10.0,6.0,18.0,165.0,148.35000000000002,181.55,3.0,0.0,7.0
5713,CJ2,460,398.0,384.45,411.55,11.0,5.45,17.0,123.0,106.9,146.29999999999998,1.0,0.0,3.0
5713,CJ3,460,396.0,382.45000000000005,408.0,24.0,15.0,31.0,126.0,108.0,145.1,3.0,0.0,7.549999999999997
5713,FWC,460,398.0,385.45000000000005,412.65,0.0,0.0,2.0,124.0,108.0,141.1,0.0,0.0,1.0
5713,FWC2,460,397.0,385.45000000000005,409.54999999999995,13.0,6.45,21.0,123.0,109.0,140.55,2.0,0.0,5.0
5713,FWC3,460,398.0,385.0,412.0,11.0,6.0,17.0,123.0,102.35,140.0,1.0,0.0,4.549999999999997
5713,JLB,460,396.0,381.35,412.55,5.0,2.0,9.549999999999997,125.0,108.44999999999999,144.55,1.0,0.0,3.0
5713,JLB2c,460,398.0,379.15,411.55,4.0,0.0,7.549999999999997,126.0,110.35,144.55,0.0,0.0,2.0
5713,JLB3,460,398.0,383.0,411.1,0.0,0.0,1.0,124.0,105.25,139.55,0.0,0.0,0.5499999999999972
5713,LKB,460,398.0,382.0,409.0,1.0,0.0,4.0,123.0,104.0,140.55,0.0,0.0,1.0
5713,LKB2,460,399.0,383.35,409.54999999999995,1.0,0.0,3.0,126.0,107.9,145.55,0.0,0.0,1.0
5713,LKB3,460,399.0,380.45000000000005,411.0,1.0,0.0,3.0,125.0,109.0,140.55,0.0,0.0,1.0
5713,Tbon2,460,397.0,386.0,410.54999999999995,8.0,2.0,12.0,122.0,105.44999999999999,142.55,1.0,0.0,3.0
5713,Tbon3,460,398.0,382.45000000000005,411.0,8.0,3.45,13.549999999999997,125.0,106.9,149.55,1.0,0.0,4.0
3526,ARD2c,460,397.0,384.45,410.0,5.0,1.0,9.549999999999997,122.0,105.44999999999999,144.0,1.0,0.0,2.0
3526,ARD3,460,397.0,384.0,413.0,0.0,0.0,2.0,125.0,108.0,143.55,0.0,0.0,1.0
3526,CJ,460,331.0,314.0,343.55,0.0,0.0,0.0,162.0,142.8,183.2,0.0,0.0,0.0
3526,CJ2,460,398.0,383.0,413.0,0.0,0.0,0.0,125.0,105.44999999999999,141.1,0.0,0.0,0.0
3526,CJ3,460,396.0,380.35,411.0,0.0,0.0,1.0,125.0,111.0,142.55,0.0,0.0,0.0
3526,FWC,460,397.0,380.35,410.54999999999995,0.0,0.0,1.0,125.0,107.9,140.0,0.0,0.0,0.0
3526,FWC2,460,397.0,385.0,410.54999999999995,0.0,0.0,0.0,123.0,104.45,147.0,0.0,0.0,0.0
3526,FWC3,460,398.0,383.45,412.1,0.0,0.0,0.5499999999999972,125.0,103.25,143.55,0.0,0.0,0.0
3526,JLB,460,395.0,381.45,407.1,0.0,0.0,0.0,129.0,111.45,145.55,0.0,0.0,0.0
3526,JLB2c,460,399.0,383.35,410.0,0.0,0.0,0.0,124.0,107.0,139.2,0.0,0.0,0.0
3526,JLB3,460,399.0,385.0,409.0,0.0,0.0,0.0,123.0,106.8,144.29999999999998,0.0,0.0,0.0
3526,LKB,460,398.0,382.0,411.55,0.0,0.0,0.0,125.0,108.0,144.1,0.0,0.0,0.0
3526,LKB2,460,397.0,383.45,410.0,0.0,0.0,0.0,125.0,107.9,145.0,0.0,0.0,0.0
3526,LKB3,460,397.0,385.45000000000005,411.55,0.0,0.0,0.0,127.0,109.0,148.0,0.0,0.0,0.0
3526,Tbon2,460,397.0,384.45,409.0,0.0,0.0,0.0,124.0,105.44999999999999,139.55,0.0,0.0,0.0
3526,Tbon3,460,398.0,386.35,411.65,0.0,0.0,0.0,124.0,109.45,142.55,0.0,0.0,0.0
7279,ARD2c,460,397.0,384.35,409.0,0.0,0.0,2.0,125.0,107.25,141.55,0.0,0.0,1.0
7279,ARD3,460,398.0,384.0,411.0,0.0,0.0,0.0,124.0,103.8,144.0,0.0,0.0,0.0
7279,CJ,460,330.0,311.0,348.55,0.0,0.0,0.0,164.0,146.89999999999998,183.75,0.0,0.0,0.0
7279,CJ2,460,399.0,381.0,411.0,0.0,0.0,0.0,123.0,106.0,141.64999999999998,0.0,0.0,0.0
7279,CJ3,460,399.0,382.45000000000005,410.54999999999995,0.0,0.0,0.0,124.0,106.45,140.1,0.0,0.0,0.0
7279,FWC,460,399.0,385.45000000000005,413.54999999999995,1.0,0.0,3.549999999999997,126.0,105.9,142.55,0.0,0.0,2.0
7279,FWC2,460,399.0,384.45,411.55,0.0,0.0,0.0,122.0,103.45,142.55,0.0,0.0,0.0
7279,FWC3,460,398.0,383.0,411.55,0.0,0.0,1.0,125.0,104.0,148.2,0.0,0.0,0.5499999999999972
7279,JLB,460,395.0,381.9,413.2,0.0,0.0,0.0,126.0,108.0,144.55,0.0,0.0,0.0
7279,JLB2c,460,399.0,383.45,410.54999999999995,0.0,0.0,1.0,125.0,108.44999999999999,142.75,0.0,0.0,0.0
7279,JLB3,460,397.0,381.45,410.09999999999997,0.0,0.0,1.0,123.0,105.35,142.75,0.0,0.0,0.0
7279,LKB,460,399.0,381.45,407.0,0.0,0.0,0.0,124.0,108.44999999999999,139.55,0.0,0.0,0.0
7279,LKB2,460,399.0,382.9,414.0,0.0,0.0,0.0,124.0,105.80000000000001,146.55,0.0,0.0,0.0
7279,LKB3,460,398.0,385.45000000000005,407.0,0.0,0.0,0.0,123.0,109.0,142.0,0.0,0.0,0.0
7279,Tbon2,460,396.0,382.70000000000005,411.65,0.0,0.0,0.0,124.0,104.9,142.0,0.0,0.0,0.0
7279,Tbon3,460,399.0,384.45,410.54999999999995,0.0,0.0,0.0,126.0,106.9,141.55,0.0,0.0,0.0
5504,ARD2c,460,399.0,382.0,409.54999999999995,0.0,0.0,0.0,126.0,105.44999999999999,141.1,0.0,0.0,0.0
5504,ARD3,460,397.0,383.45,409.0,0.0,0.0,0.0,125.0,105.44999999999999,145.0,0.0,0.0,0.0
5504,CJ,460,331.0,309.9,345.1,0.0,0.0,1.0,165.0,145.0,185.55,0.0,0.0,1.0
5504,CJ2,460,398.0,379.9,413.54999999999995,0.0,0.0,0.0,124.0,107.35,143.55,0.0,0.0,0.0
5504,CJ3,460,397.0,386.0,408.0,1.0,0.0,3.0,123.0,107.45,145.2,0.0,0.0,0.5499999999999972
5504,FWC,460,398.0,384.0,411.55,0.0,0.0,0.0,123.0,108.0,141.55,0.0,0.0,0.0
5504,FWC2,460,399.0,377.79999999999995,412.55,0.0,0.0,0.0,124.0,107.9,141.55,0.0,0.0,0.0
5504,FWC3,460,401.0,387.0,410.54999999999995,0.0,0.0,2.0,126.0,105.9,143.64999999999998,0.0,0.0,1.0
5504,JLB,460,395.0,383.45,409.1,0.0,0.0,0.0,126.0,104.0,146.2,0.0,0.0,0.0
5504,JLB2c,460,396.0,383.0,412.0,0.0,0.0,0.0,123.0,109.0,138.55,0.0,0.0,0.0
5504,JLB3,460,398.0,386.0,411.1,0.0,0.0,0.0,124.0,107.45,137.55,0.0,0.0,0.0
5504,LKB,460,399.0,384.45,409.0,0.0,0.0,0.0,124.0,105.44999999999999,144.2,0.0,0.0,0.0
5504,LKB2,460,399.0,385.45000000000005,410.54999999999995,0.0,0.0,0.0,126.0,111.45,142.55,0.0,0.0,0.0
5504,LKB3,460,399.0,383.45,413.1,0.0,0.0,0.0,124.0,106.45,142.55,0.0,0.0,0.0
5504,Tbon2,460,397.0,382.45000000000005,410.09999999999997,0.0,0.0,1.0,124.0,109.45,141.0,0.0,0.0,0.0
5504,Tbon3,460,397.0,381.0,414.0,0.0,0.0,1.0,124.0,104.9,145.1,0.0,0.0,1.0
7518,ARD2c,460,399.0,387.35,408.55,0.0,0.0,0.0,125.0,106.0,144.64999999999998,0.0,0.0,0.0
7518,ARD3,460,399.0,383.45,409.54999999999995,0.0,0.0,0.5499999999999972,125.0,107.45,143.0,0.0,0.0,0.0
7518,CJ,460,331.0,312.45,350.54999999999995,2.0,0.0,6.0,165.0,142.45,185.55,0.0,0.0,2.0
7518,CJ2,460,398.0,382.35,411.55,7.0,3.0,12.549999999999997,125.0,107.9,141.0,1.0,0.0,3.0
7518,CJ3,460,398.0,383.9,412.0,3.0,0.4500000000000002,6.549999999999997,124.0,104.45,141.75,0.0,0.0,2.0
7518,FWC,460,398.0,385.9,411.55,0.0,0.0,2.0,125.0,105.80000000000001,140.55,0.0,0.0,1.0
7518,FWC2,460,398.0,380.8,414.09999999999997,4.0,1.0,8.0,123.0,104.45,150.2,0.0,0.0,3.0
7518,FWC3,460,399.0,382.45000000000005,413.1,3.0,1.0,7.549999999999997,124.0,108.44999999999999,138.55,0.0,0.0,2.0
7518,JLB,460,396.0,381.25,408.75,1.0,0.0,3.0,126.0,109.35,141.55,0.0,0.0,1.0
7518,JLB2c,460,399.0,386.9,412.75,3.0,1.0,7.0,124.0,104.35,144.55,0.0,0.0,2.0
7518,JLB3,460,400.0,384.45,411.0,24.0,16.0,35.0,125.0,109.0,145.55,4.0,0.0,8.0
7518,LKB,460,397.0,387.45000000000005,409.54999999999995,0.0,0.0,0.0,124.0,109.45,141.0,0.0,0.0,0.0
7518,LKB2,460,397.0,386.45,411.55,0.0,0.0,0.0,123.0,103.0,138.55,0.0,0.0,0.0
7518,LKB3,460,396.0,379.70000000000005,410.0,0.0,0.0,0.0,122.0,109.0,140.55,0.0,0.0,0.0
7518,Tbon2,460,396.0,384.45,412.0,5.0,1.0,9.549999999999997,125.0,108.0,142.55,0.0,0.0,2.0
7518,Tbon3,460,398.0,382.35,411.0,4.0,1.0,9.549999999999997,125.0,109.45,143.1,1.0,0.0,2.549999999999997
1285,ARD2c,460,398.0,382.9,410.54999999999995,0.0,0.0,0.0,124.0,104.45,138.55,0.0,0.0,0.0
1285,ARD3,460,399.0,385.0,411.55,0.0,0.0,0.0,123.0,108.44999999999999,140.55,0.0,0.0,0.0
1285,CJ,460,332.0,312.45,348.0,0.0,0.0,0.0,167.0,147.9,180.64999999999998,0.0,0.0,0.0
1285,CJ2,460,397.0,382.45000000000005,414.0,0.0,0.0,2.0,125.0,103.45,145.1,0.0,0.0,1.0
1285,CJ3,460,397.0,382.0,409.54999999999995,0.0,0.0,1.0,126.0,107.80000000000001,143.0,0.0,0.0,0.0
1285,FWC,460,397.0,385.0,411.0,0.0,0.0,0.0,123.0,107.45,140.0,0.0,0.0,0.0
1285,FWC2,460,400.0,386.0,413.0,0.0,0.0,0.0,125.0,105.44999999999999,146.55,0.0,0.0,0.0
1285,FWC3,460,398.0,386.45,410.54999999999995,0.0,0.0,0.0,125.0,107.0,143.55,0.0,0.0,0.0
1285,JLB,460,396.0,380.0,410.54999999999995,2.0,0.0,7.0,126.0,108.0,146.1,0.0,0.0,2.0
1285,JLB2c,460,397.0,386.45,410.54999999999995,0.0,0.0,1.0,124.0,101.45,144.55,0.0,0.0,0.5499999999999972
1285,JLB3,460,398.0,383.45,414.54999999999995,3.0,1.0,6.0,125.0,105.44999999999999,144.55,0.0,0.0,1.5499999999999972
1285,LKB,460,398.0,384.45,411.0,0.0,0.0,0.0,123.0,108.0,140.55,0.0,0.0,0.0
1285,LKB2,460,396.0,381.45,411.55,0.0,0.0,0.0,121.0,103.0,139.55,0.0,0.0,0.0
1285,LKB3,460,398.0,383.0,410.54999999999995,0.0,0.0,0.0,124.0,107.45,144.55,0.0,0.0,0.0
1285,Tbon2,460,397.0,384.0,412.1,0.0,0.0,0.0,124.0,110.35,138.2,0.0,0.0,0.0
1285,Tbon3,460,399.0,387.45000000000005,410.0,0.0,0.0,0.0,124.0,106.45,146.0,0.0,0.0,0.0
3488,ARD2c,460,398.0,385.0,413.1,0.0,0.0,0.0,123.0,106.45,139.1,0.0,0.0,0.0
3488,ARD3,460,397.0,383.0,409.54999999999995,0.0,0.0,0.0,124.0,107.45,143.55,0.0,0.0,0.0
3488,CJ,460,331.0,315.0,353.1,0.0,0.0,0.0,164.0,144.45,186.64999999999998,0.0,0.0,0.0
3488,CJ2,460,397.0,384.0,412.0,0.0,0.0,3.0,124.0,105.44999999999999,139.55,0.0,0.0,1.0
3488,CJ3,460,398.0,383.9,412.1,0.0,0.0,0.0,124.0,105.0,140.55,0.0,0.0,0.0
3488,FWC,460,398.0,386.0,409.0,0.0,0.0,0.0,126.0,112.0,145.55,0.0,0.0,0.0
3488,FWC2,460,397.0,383.0,411.0,0.0,0.0,0.0,126.0,106.0,142.55,0.0,0.0,0.0
3488,FWC3,460,398.0,383.0,411.55,0.0,0.0,0.0,127.0,107.0,143.55,0.0,0.0,0.0
3488,JLB,460,394.0,380.45000000000005,406.54999999999995,0.0,0.0,0.0,127.0,107.0,145.0,0.0,0.0,0.0
3488,JLB2c,460,399.0,387.0,413.0,3.0,0.0,6.0,122.0,102.9,141.0,0.0,0.0,2.0
3488,JLB3,460,399.0,384.0,411.55,4.0,1.0,8.549999999999997,124.0,107.45,139.55,0.0,0.0,2.549999999999997
3488,LKB,460,398.0,385.0,409.0,0.0,0.0,0.0,127.0,103.8,143.0,0.0,0.0,0.0
3488,LKB2,460,398.0,384.0,411.0,0.0,0.0,0.0,124.0,106.45,142.0,0.0,0.0,0.0
3488,LKB3,460,396.0,382.45000000000005,411.0,0.0,0.0,0.0,125.0,108.44999999999999,143.1,0.0,0.0,0.0
3488,Tbon2,460,396.0,382.45000000000005,409.1,0.0,0.0,0.0,124.0,104.35,138.0,0.0,0.0,0.0
3488,Tbon3,460,396.0,384.9,412.55,0.0,0.0,0.0,126.0,108.0,140.55,0.0,0.0,0.0
2234,ARD2c,460,399.0,387.0,412.55,0.0,0.0,2.0,124.0,107.45,138.0,0.0,0.0,0.0
2234,ARD3,460,398.0,383.0,413.54999999999995,2.0,0.0,4.549999999999997,124.0,101.35,143.2,0.0,0.0,2.0
2234,CJ,460,331.0,310.0,346.65,0.0,0.0,1.0,164.0,144.45,182.0,0.0,0.0,0.5499999999999972
2234,CJ2,460,397.0,383.0,412.1,2.0,0.0,5.0,125.0,107.35,144.1,0.0,0.0,2.0
2234,CJ3,460,399.0,384.45,410.54999999999995,0.0,0.0,1.0,126.0,104.45,145.75,0.0,0.0,0.5499999999999972
2234,FWC,460,398.0,385.45000000000005,411.1,4.0,1.0,10.0,125.0,108.44999999999999,140.55,0.0,0.0,2.0
2234,FWC2,460,397.0,381.35,412.55,1.0,0.0,2.549999999999997,124.0,108.44999999999999,143.64999999999998,0.0,0.0,1.0
2234,FWC3,460,398.0,381.0,409.54999999999995,2.0,0.0,5.0,125.0,109.0,141.55,0.0,0.0,1.0
2234,JLB,460,396.0,383.45,407.1,0.0,0.0,1.0,128.0,109.9,145.55,0.0,0.0,0.0
2234,JLB2c,460,398.0,381.35,412.0,10.0,4.0,18.0,125.0,106.9,142.0,1.0,0.0,4.549999999999997
2234,JLB3,460,397.0,382.0,412.1,6.0,3.0,12.0,126.0,105.9,143.55,1.0,0.0,4.0
2234,LKB,460,398.0,384.45,410.0,3.0,0.4500000000000002,7.549999999999997,124.0,111.45,144.1,0.0,0.0,1.0
2234,LKB2,460,398.0,382.9,411.55,6.0,2.0,11.549999999999997,125.0,106.35,141.0,1.0,0.0,2.549999999999997
2234,LKB3,460,397.0,385.0,410.54999999999995,2.0,0.4500000000000002,6.0,126.0,109.0,143.1,0.0,0.0,2.0
2234,Tbon2,460,400.0,384.9,411.0,2.0,0.0,6.0,126.0,106.15,145.55,0.0,0.0,1.0
2234,Tbon3,460,397.0,387.0,412.0,1.0,0.0,4.0,124.0,108.44999999999999,144.1,0.0,0.0,1.0
6379,ARD2c,460,399.0,385.45000000000005,411.1,0.0,0.0,0.0,125.0,102.9,140.55,0.0,0.0,0.0
6379,ARD3,460,397.0,383.45,408.0,0.0,0.0,0.5499999999999972,124.0,107.9,140.55,0.0,0.0,0.0
6379,CJ,460,333.0,313.35,347.0,0.0,0.0,0.0,165.0,144.45,181.55,0.0,0.0,0.0
6379,CJ2,460,397.0,383.45,410.54999999999995,0.0,0.0,0.0,123.0,105.9,143.0,0.0,0.0,0.0
6379,CJ3,460,397.0,381.8,408.55,0.0,0.0,0.0,124.0,103.45,139.0,0.0,0.0,0.0
6379,FWC,460,398.0,383.45,411.55,0.0,0.0,1.0,126.0,103.35,143.55,0.0,0.0,0.0
6379,FWC2,460,398.0,386.0,410.0,0.0,0.0,0.0,124.0,106.8,142.55,0.0,0.0,0.0
6379,FWC3,460,397.0,380.9,412.1,0.0,0.0,0.0,125.0,104.45,145.64999999999998,0.0,0.0,0.0
6379,JLB,460,396.0,381.9,411.75,0.0,0.0,0.0,129.0,110.44999999999999,147.1,0.0,0.0,0.0
6379,JLB2c,460,398.0,384.35,410.0,0.0,0.0,1.0,123.0,107.9,143.2,0.0,0.0,0.0
6379,JLB3,460,398.0,384.45,411.65,0.0,0.0,0.0,125.0,108.0,143.0,0.0,0.0,0.0
6379,LKB,460,396.0,385.45000000000005,410.09999999999997,0.0,0.0,1.0,126.0,106.9,143.0,0.0,0.0,0.0
6379,LKB2,460,397.0,383.45,410.54999999999995,1.0,0.0,4.0,125.0,106.0,144.64999999999998,0.0,0.0,1.5499999999999972
6379,LKB3,460,397.0,386.45,412.1,0.0,0.0,0.0,125.0,102.35,143.64999999999998,0.0,0.0,0.0
6379,Tbon2,460,399.0,386.0,410.65,0.0,0.0,2.549999999999997,124.0,105.44999999999999,142.0,0.0,0.0,1.0
6379,Tbon3,460,398.0,384.35,411.1,0.0,0.0,0.0,123.0,106.45,141.75,0.0,0.0,0.0
6387,ARD2c,460,397.0,382.45000000000005,411.65,0.0,0.0,0.0,124.0,102.44999999999999,144.1,0.0,0.0,0.0
6387,ARD3,460,398.0,383.45,411.0,0.0,0.0,0.0,125.0,105.9,140.1,0.0,0.0,0.0
6387,CJ,460,329.0,313.45000000000005,348.0,0.0,0.0,0.0,165.0,146.45,183.75,0.0,0.0,0.0
6387,CJ2,460,400.0,384.9,412.1,0.0,0.0,1.0,124.0,109.0,145.55,0.0,0.0,1.0
6387,CJ3,460,397.0,387.0,408.55,0.0,0.0,0.0,126.0,110.0,145.1,0.0,0.0,0.0
6387,FWC,460,397.0,384.0,407.0,0.0,0.0,1.0,123.0,104.0,138.55,0.0,0.0,0.0
6387,FWC2,460,398.0,383.45,416.55,0.0,0.0,0.0,124.0,105.0,142.55,0.0,0.0,0.0
6387,FWC3,460,398.0,383.0,408.55,0.0,0.0,0.0,124.0,104.45,144.55,0.0,0.0,0.0
6387,JLB,460,395.0,379.45,407.55,0.0,0.0,0.0,127.0,108.35,145.55,0.0,0.0,0.0
6387,JLB2c,460,396.0,383.45,408.55,0.0,0.0,2.0,124.0,107.45,141.55,0.0,0.0,1.0
6387,JLB3,460,398.0,385.0,408.55,0.0,0.0,1.0,125.0,106.45,141.0,0.0,0.0,0.0
6387,LKB,460,397.0,382.45000000000005,412.0,0.0,0.0,1.0,124.0,101.9,142.1,0.0,0.0,1.0
6387,LKB2,460,398.0,382.6,410.0,0.0,0.0,1.0,125.0,109.0,144.64999999999998,0.0,0.0,0.0
6387,LKB3,460,399.0,385.45000000000005,409.54999999999995,0.0,0.0,0.0,125.0,107.45,142.1,0.0,0.0,0.0
6387,Tbon2,460,399.0,385.45000000000005,411.0,0.0,0.0,1.0,123.0,106.9,142.64999999999998,0.0,0.0,0.0
6387,Tbon3,460,399.0,384.0,412.0,0.0,0.0,1.0,125.0,107.45,142.55,0.0,0.0,0.0
6388,ARD2c,460,397.0,381.0,409.65,0.0,0.0,0.0,123.0,106.45,141.64999999999998,0.0,0.0,0.0
6388,ARD3,460,399.0,381.25,415.0,0.0,0.0,1.0,124.0,107.35,141.55,0.0,0.0,0.0
6388,CJ,460,331.0,310.0,349.0,0.0,0.0,0.0,163.0,142.0,186.0,0.0,0.0,0.0
6388,CJ2,460,398.0,381.9,412.0,0.0,0.0,1.0,125.0,109.45,145.55,0.0,0.0,0.0
6388,CJ3,460,396.0,384.0,408.55,0.0,0.0,0.0,125.0,105.44999999999999,145.55,0.0,0.0,0.0
6388,FWC,460,398.0,385.45000000000005,409.0,1.0,0.0,4.0,126.0,106.45,141.1,0.0,0.0,1.0
6388,FWC2,460,397.0,382.0,408.0,0.0,0.0,0.0,123.0,106.0,143.1,0.0,0.0,0.0
6388,FWC3,460,397.0,383.9,408.0,0.0,0.0,2.0,124.0,105.35,141.64999999999998,0.0,0.0,0.0
6388,JLB,460,396.0,382.9,410.0,0.0,0.0,0.0,129.0,109.0,144.2,0.0,0.0,0.0
6388,JLB2c,460,398.0,382.0,410.54999999999995,0.0,0.0,1.0,127.0,104.45,141.55,0.0,0.0,0.0
6388,JLB3,460,397.0,382.9,410.54999999999995,0.0,0.0,0.0,125.0,108.44999999999999,142.0,0.0,0.0,0.0
6388,LKB,460,398.0,385.0,412.0,0.0,0.0,1.0,124.0,104.45,142.0,0.0,0.0,0.0
6388,LKB2,460,398.0,385.45000000000005,409.1,0.0,0.0,3.0,125.0,105.44999999999999,146.55,0.0,0.0,1.0
6388,LKB3,460,398.0,383.9,410.54999999999995,0.0,0.0,1.0,123.0,107.0,142.55,0.0,0.0,0.5499999999999972
6388,Tbon2,460,398.0,383.45,408.55,0.0,0.0,1.5499999999999972,123.0,109.0,142.1,0.0,0.0,1.0
6388,Tbon3,460,398.0,381.9,411.55,0.0,0.0,1.5499999999999972,125.0,108.44999999999999,142.2,0.0,0.0,1.0
7025,ARD2c,460,397.0,378.45,409.54999999999995,0.0,0.0,1.0,124.0,106.9,142.55,0.0,0.0,0.0
7025,ARD3,460,398.0,382.9,412.0,1.0,0.0,4.0,126.0,108.0,144.0,0.0,0.0,1.0
7025,CJ,460,331.0,313.45000000000005,351.0,0.0,0.0,0.0,165.0,145.89999999999998,181.64999999999998,0.0,0.0,0.0
7025,CJ2,460,398.0,382.45000000000005,412.1,0.0,0.0,1.0,123.0,103.0,142.64999999999998,0.0,0.0,1.0
7025,CJ3,460,397.0,384.45,409.54999999999995,0.0,0.0,2.0,124.0,106.45,143.0,0.0,0.0,0.0
7025,FWC,460,396.0,384.0,410.0,6.0,2.0,13.0,124.0,109.0,145.0,1.0,0.0,2.0
7025,FWC2,460,399.0,383.45,410.0,1.0,0.0,3.0,125.0,106.9,147.55,0.0,0.0,1.0
7025,FWC3,460,399.0,382.0,410.0,1.0,0.0,4.0,124.0,108.8,137.55,0.0,0.0,1.0
7025,JLB,460,397.0,385.0,409.54999999999995,0.0,0.0,0.0,130.0,111.0,144.1,0.0,0.0,0.0
7025,JLB2c,460,399.0,381.45,411.0,5.0,1.0,10.099999999999994,124.0,105.44999999999999,143.55,1.0,0.0,2.549999999999997
7025,JLB3,460,398.0,382.45000000000005,410.0,0.0,0.0,1.0,125.0,108.0,142.0,0.0,0.0,0.0
7025,LKB,460,397.0,383.9,412.55,6.0,2.0,10.0,125.0,108.0,138.55,1.0,0.0,2.549999999999997
7025,LKB2,460,398.0,382.0,411.55,4.0,1.0,7.0,126.0,109.0,145.55,0.0,0.0,2.549999999999997
7025,LKB3,460,397.0,382.9,411.1,3.0,0.0,6.0,123.0,106.35,139.0,0.0,0.0,2.0
7025,Tbon2,460,398.0,382.0,411.0,0.0,0.0,2.0,123.0,107.0,141.1,0.0,0.0,1.0
7025,Tbon3,460,398.0,384.45,408.0,0.0,0.0,1.0,124.0,107.0,146.1,0.0,0.0,0.5499999999999972
7146,ARD2c,460,400.0,386.0,411.0,0.0,0.0,1.0,125.0,107.45,136.55,0.0,0.0,0.5499999999999972
7146,ARD3,460,397.0,385.0,408.65,2.0,0.0,6.0,124.0,105.44999999999999,143.55,0.0,0.0,2.0
7146,CJ,460,330.0,307.8,351.0,0.0,0.0,1.0,163.0,142.45,185.2,0.0,0.0,0.5499999999999972
7146,CJ2,460,397.0,383.9,409.54999999999995,1.0,0.0,4.0,124.0,107.0,143.55,0.0,0.0,1.0
7146,CJ3,460,397.0,383.35,413.1,0.0,0.0,1.0,125.0,107.45,139.55,0.0,0.0,0.0
7146,FWC,460,401.0,383.0,414.0,8.0,4.0,14.0,125.0,105.0,148.0,1.0,0.0,4.0
7146,FWC2,460,398.0,383.0,408.55,0.0,0.0,1.0,126.0,109.35,141.55,0.0,0.0,0.0
7146,FWC3,460,396.0,381.0,414.09999999999997,2.0,0.0,5.0,125.0,112.0,142.55,0.0,0.0,2.0
7146,JLB,460,395.0,381.0,407.1,0.0,0.0,0.0,128.0,108.9,143.55,0.0,0.0,0.0
7146,JLB2c,460,397.0,382.45000000000005,409.54999999999995,7.0,2.45,13.0,123.0,105.9,145.55,1.0,0.0,3.549999999999997
7146,JLB3,460,399.0,387.0,410.0,0.0,0.0,1.0,125.0,105.9,140.0,0.0,0.0,0.0
7146,LKB,460,398.0,383.9,409.54999999999995,5.0,1.0,9.549999999999997,125.0,104.9,144.0,1.0,0.0,2.0
7146,LKB2,460,397.0,389.0,411.55,4.0,1.0,10.0,125.0,110.44999999999999,140.55,0.0,0.0,2.0
7146,LKB3,460,398.0,381.8,410.0,3.0,0.0,5.549999999999997,125.0,106.45,143.55,0.0,0.0,2.0
7146,Tbon2,460,399.0,387.0,414.09999999999997,1.0,0.0,2.0,126.0,108.0,143.0,0.0,0.0,1.0
7146,Tbon3,460,397.0,383.45,414.0,1.0,0.0,3.549999999999997,125.0,107.45,143.55,0.0,0.0,1.0
3272,ARD2c,460,399.0,382.9,413.54999999999995,0.0,0.0,1.0,126.0,106.45,142.0,0.0,0.0,1.0
3272,ARD3,460,400.0,384.45,412.1,5.0,1.4500000000000002,8.549999999999997,124.0,106.9,142.55,1.0,0.0,3.0
3272,CJ,460,334.0,311.25,347.0,0.0,0.0,0.0,164.0,141.45,184.0,0.0,0.0,0.0
3272,CJ2,460,397.0,383.45,411.84999999999997,0.0,0.0,0.0,123.0,108.0,144.55,0.0,0.0,0.0
3272,CJ3,460,397.0,381.45,410.0,0.0,0.0,0.0,126.0,109.45,147.29999999999998,0.0,0.0,0.0
3272,FWC,460,399.0,384.0,411.55,4.0,0.4500000000000002,9.0,127.0,108.0,140.0,0.0,0.0,2.0
3272,FWC2,460,397.0,386.45,411.0,2.0,0.0,6.0,124.0,103.9,137.55,0.0,0.0,2.0
3272,FWC3,460,398.0,380.25,410.09999999999997,0.0,0.0,1.0,125.0,109.0,140.55,0.0,0.0,0.0
3272,JLB,460,395.0,381.9,408.55,6.0,2.0,10.0,129.0,108.0,148.1,1.0,0.0,3.0
3272,JLB2c,460,398.0,382.0,411.0,11.0,6.0,18.0,125.0,108.35,140.0,1.0,0.0,5.0
3272,JLB3,460,397.0,382.45000000000005,410.09999999999997,5.0,1.0,9.0,123.0,107.45,140.64999999999998,1.0,0.0,3.0
3272,LKB,460,399.0,383.0,411.0,0.0,0.0,0.0,126.0,108.35,142.75,0.0,0.0,0.0
3272,LKB2,460,398.0,384.0,410.0,0.0,0.0,1.0,124.0,107.0,140.0,0.0,0.0,0.0
3272,LKB3,460,397.0,385.9,410.54999999999995,2.0,0.0,5.549999999999997,125.0,104.45,142.1,0.0,0.0,2.0
3272,Tbon2,460,397.0,381.25,412.55,0.0,0.0,0.0,125.0,103.35,139.1,0.0,0.0,0.0
3272,Tbon3,460,399.0,384.45,412.1,0.0,0.0,1.0,126.0,110.9,140.0,0.0,0.0,0.5499999999999972
5602,ARD2c,460,398.0,383.9,413.0,0.0,0.0,0.0,125.0,105.44999999999999,144.1,0.0,0.0,0.0
5602,ARD3,460,397.0,384.9,410.54999999999995,0.0,0.0,0.0,125.0,104.7,140.55,0.0,0.0,0.0
5602,CJ,460,332.0,309.45,349.0,0.0,0.0,1.0,164.0,143.9,186.84999999999997,0.0,0.0,0.0
5602,CJ2,460,397.0,385.0,414.75,1.0,0.0,3.0,123.0,105.44999999999999,138.55,0.0,0.0,1.0
5602,CJ3,460,397.0,385.0,412.2,0.0,0.0,2.0,124.0,106.45,143.0,0.0,0.0,1.0
5602,FWC,460,397.0,381.0,409.0,1.0,0.0,4.0,124.0,104.35,145.0,0.0,0.0,1.0
5602,FWC2,460,398.0,383.0,412.55,0.0,0.0,1.0,124.0,109.9,141.0,0.0,0.0,0.5499999999999972
5602,FWC3,460,398.0,383.45,409.0,0.0,0.0,1.0,124.0,105.9,147.0,0.0,0.0,0.0
5602,JLB,460,395.0,382.45000000000005,406.54999999999995,2.0,0.0,5.0,126.0,105.9,142.55,0.0,0.0,2.0
5602,JLB2c,460,398.0,385.45000000000005,412.0,6.0,2.0,12.0,126.0,107.45,141.55,1.0,0.0,2.549999999999997
5602,JLB3,460,399.0,387.0,412.55,22.0,16.0,32.0,126.0,110.0,142.64999999999998,3.0,0.0,6.549999999999997
5602,LKB,460,398.0,381.45,411.0,0.0,0.0,0.0,125.0,103.45,142.0,0.0,0.0,0.0
5602,LKB2,460,398.0,383.9,415.4,0.0,0.0,0.0,124.0,107.9,141.55,0.0,0.0,0.0
5602,LKB3,460,397.0,383.0,412.55,0.0,0.0,1.0,123.0,108.35,140.55,0.0,0.0,0.0
5602,Tbon2,460,398.0,380.45000000000005,409.54999999999995,0.0,0.0,2.0,124.0,106.9,138.0,0.0,0.0,1.0
5602,Tbon3,460,398.0,387.0,412.0,0.0,0.0,2.0,124.0,108.44999999999999,144.75,0.0,0.0,1.0
5507,ARD2c,460,399.0,384.45,410.0,0.0,0.0,0.0,125.0,103.25,144.55,0.0,0.0,0.0
5507,ARD3,460,398.0,382.45000000000005,410.54999999999995,0.0,0.0,0.0,125.0,108.0,141.75,0.0,0.0,0.0
5507,CJ,460,331.0,313.79999999999995,344.65,0.0,0.0,2.0,165.0,143.0,186.55,0.0,0.0,1.0
5507,CJ2,460,398.0,382.45000000000005,410.0,2.0,0.0,4.0,126.0,105.44999999999999,143.55,0.0,0.0,1.0
5507,CJ3,460,398.0,381.9,410.54999999999995,1.0,0.0,4.0,126.0,105.44999999999999,146.75,0.0,0.0,1.0
5507,FWC,460,397.0,384.45,407.1,0.0,0.0,1.5499999999999972,125.0,105.44999999999999,139.64999999999998,0.0,0.0,0.0
5507,FWC2,460,398.0,384.0,411.65,1.0,0.0,3.549999999999997,124.0,104.9,138.55,0.0,0.0,1.0
5507,FWC3,460,398.0,380.9,408.55,1.0,0.0,2.549999999999997,125.0,107.0,145.55,0.0,0.0,1.0
5507,JLB,460,394.0,380.45000000000005,409.54999999999995,0.0,0.0,0.0,128.0,113.44999999999999,143.1,0.0,0.0,0.0
5507,JLB2c,460,396.0,381.45,413.0,0.0,0.0,2.0,125.0,107.9,143.64999999999998,0.0,0.0,1.0
5507,JLB3,460,397.0,385.45000000000005,411.1,0.0,0.0,2.0,126.0,107.35,143.0,0.0,0.0,1.0
5507,LKB,460,399.0,382.0,414.65,0.0,0.0,0.0,125.0,104.80000000000001,142.64999999999998,0.0,0.0,0.0
5507,LKB2,460,395.0,379.0,407.55,0.0,0.0,0.0,124.0,104.15,141.0,0.0,0.0,0.0
5507,LKB3,460,399.0,384.45,413.65,0.0,0.0,1.0,125.0,104.45,149.2,0.0,0.0,0.0
5507,Tbon2,460,399.0,380.9,411.1,0.0,0.0,2.0,124.0,105.35,140.55,0.0,0.0,1.0
5507,Tbon3,460,396.0,387.45000000000005,410.0,0.0,0.0,2.0,123.0,103.45,138.0,0.0,0.0,1.0
5512,ARD2c,460,398.0,384.45,412.55,0.0,0.0,0.0,124.0,102.0,142.1,0.0,0.0,0.0
5512,ARD3,460,399.0,382.79999999999995,413.65,0.0,0.0,1.0,126.0,108.0,142.0,0.0,0.0,0.0
5512,CJ,460,331.0,313.45000000000005,351.1,1.0,0.0,4.0,162.0,146.0,185.1,0.0,0.0,2.0
5512,CJ2,460,397.0,382.9,409.0,3.0,1.0,8.549999999999997,126.0,104.45,141.55,0.0,0.0,1.5499999999999972
5512,CJ3,460,396.0,383.0,409.1,2.0,0.0,5.0,124.0,106.9,142.55,0.0,0.0,2.0
5512,FWC,460,397.0,381.9,411.55,1.0,0.0,3.0,126.0,106.45,147.0,0.0,0.0,1.0
5512,FWC2,460,399.0,383.9,412.0,19.0,10.45,25.549999999999997,125.0,103.9,144.84999999999997,2.0,0.0,6.0
5512,FWC3,460,398.0,387.45000000000005,409.0,1.0,0.0,4.549999999999997,124.0,106.45,142.0,0.0,0.0,1.0
5512,JLB,460,396.0,380.45000000000005,408.55,5.0,1.0,10.549999999999997,127.0,106.8,141.2,0.0,0.0,3.0
5512,JLB2c,460,398.0,381.45,410.0,0.0,0.0,1.0,125.0,107.9,142.55,0.0,0.0,1.0
5512,JLB3,460,396.0,383.0,410.0,13.0,7.45,17.0,124.0,107.45,142.55,2.0,0.0,4.549999999999997
5512,LKB,460,396.0,384.0,412.55,0.0,0.0,0.0,126.0,109.45,143.64999999999998,0.0,0.0,0.0
5512,LKB2,460,398.0,381.25,410.0,0.0,0.0,0.0,123.0,106.0,146.75,0.0,0.0,0.0
5512,LKB3,460,397.0,382.9,412.1,0.0,0.0,0.0,124.0,108.44999999999999,142.1,0.0,0.0,0.0
5512,Tbon2,460,397.0,384.9,409.54999999999995,0.0,0.0,2.549999999999997,122.0,107.0,141.1,0.0,0.0,1.0
5512,Tbon3,460,398.0,387.0,410.09999999999997,1.0,0.0,4.0,124.0,107.0,143.0,0.0,0.0,1.0
1389,ARD2c,460,398.0,383.0,411.0,0.0,0.0,0.0,126.0,107.0,143.55,0.0,0.0,0.0
1389,ARD3,460,397.0,383.45,409.54999999999995,2.0,0.0,5.549999999999997,126.0,108.35,142.1,0.0,0.0,1.0
1389,CJ,460,331.0,311.45000000000005,349.0,1.0,0.0,4.0,166.0,147.9,187.1,0.0,0.0,3.0
1389,CJ2,460,397.0,385.0,412.55,1.0,0.0,3.0,126.0,107.0,141.55,0.0,0.0,1.0
1389,CJ3,460,397.0,387.0,410.0,3.0,0.0,6.0,126.0,104.9,140.55,0.0,0.0,3.0
1389,FWC,460,397.0,385.45000000000005,413.0,2.0,0.0,5.0,122.0,108.0,142.0,0.0,0.0,2.0
1389,FWC2,460,398.0,383.0,411.55,12.0,6.45,18.0,124.0,105.9,144.55,2.0,0.0,5.549999999999997
1389,FWC3,460,397.0,383.45,410.0,5.0,2.0,10.0,126.0,109.45,140.55,1.0,0.0,3.549999999999997
1389,JLB,460,396.0,385.0,409.1,16.0,9.0,23.0,127.0,110.44999999999999,146.0,2.0,0.0,6.549999999999997
1389,JLB2c,460,398.0,386.0,410.54999999999995,0.0,0.0,2.0,124.0,108.9,141.1,0.0,0.0,1.0
1389,JLB3,460,398.0,383.9,412.55,10.0,5.0,16.549999999999997,125.0,109.0,142.1,1.0,0.0,4.0
1389,LKB,460,399.0,380.35,411.55,0.0,0.0,0.0,124.0,104.9,142.0,0.0,0.0,0.0
1389,LKB2,460,399.0,383.9,411.65,0.0,0.0,1.0,126.0,111.45,143.55,0.0,0.0,0.0
1389,LKB3,460,398.0,383.45,412.0,0.0,0.0,1.0,123.0,107.45,145.1,0.0,0.0,0.0
1389,Tbon2,460,396.0,382.45000000000005,413.1,1.0,0.0,5.0,125.0,105.9,143.55,0.0,0.0,2.0
1389,Tbon3,460,398.0,384.45,412.55,3.0,0.4500000000000002,7.0,125.0,105.0,141.0,0.0,0.0,2.0
6693,ARD2c,460,398.0,381.45,412.55,0.0,0.0,0.0,124.0,103.0,141.0,0.0,0.0,0.0
6693,ARD3,460,398.0,383.9,410.54999999999995,1.0,0.0,3.549999999999997,124.0,103.8,140.75,0.0,0.0,1.0
6693,CJ,460,330.0,313.45000000000005,344.55,1.0,0.0,3.0,163.0,144.9,182.1,0.0,0.0,1.0
6693,CJ2,460,397.0,382.9,411.0,3.0,0.0,6.549999999999997,124.0,107.0,140.55,0.0,0.0,2.0
6693,CJ3,460,398.0,384.45,409.0,0.0,0.0,2.0,122.0,105.9,139.55,0.0,0.0,1.0
6693,FWC,460,397.0,384.9,410.0,1.0,0.0,4.549999999999997,123.0,102.0,141.2,0.0,0.0,1.0
6693,FWC2,460,398.0,381.45,413.0,11.0,6.0,18.549999999999997,124.0,105.9,140.55,1.0,0.0,4.0
6693,FWC3,460,398.0,384.35,412.55,2.0,0.4500000000000002,5.0,126.0,106.0,142.55,0.0,0.0,1.5499999999999972
6693,JLB,460,396.0,381.9,409.1,4.0,1.0,8.0,126.0,107.35,141.55,0.0,0.0,2.0
6693,JLB2c,460,399.0,381.45,412.55,0.0,0.0,2.549999999999997,127.0,105.0,142.0,0.0,0.0,1.0
6693,JLB3,460,399.0,384.9,408.55,2.0,0.0,5.0,126.0,103.45,139.0,0.0,0.0,2.0
6693,LKB,460,398.0,381.45,411.55,0.0,0.0,0.0,125.0,101.80000000000001,142.0,0.0,0.0,0.0
6693,LKB2,460,397.0,383.35,412.65,0.0,0.0,0.0,126.0,109.9,142.1,0.0,0.0,0.0
6693,LKB3,460,397.0,387.0,412.55,0.0,0.0,0.0,125.0,109.35,139.55,0.0,0.0,0.0
6693,Tbon2,460,398.0,383.45,410.0,1.0,0.0,3.0,124.0,109.45,140.55,0.0,0.0,1.0
6693,Tbon3,460,397.0,386.45,411.2,1.0,0.0,3.549999999999997,126.0,108.44999999999999,145.84999999999997,0.0,0.0,1.0
7241,ARD2c,460,396.0,381.25,407.0,0.0,0.0,1.0,125.0,110.44999999999999,144.55,0.0,0.0,0.0
7241,ARD3,460,397.0,384.0,410.09999999999997,30.0,21.450000000000003,41.0,123.0,105.25,140.55,4.0,1.0,8.549999999999997
7241,CJ,460,331.0,313.35,347.1,4.0,1.0,8.0,165.0,145.0,184.55,1.0,0.0,3.549999999999997
7241,CJ2,460,398.0,384.0,409.54999999999995,14.0,7.45,21.0,125.0,111.0,144.75,2.0,0.0,5.0
7241,CJ3,460,397.0,380.9,409.54999999999995,1.0,0.0,4.549999999999997,124.0,107.9,141.55,0.0,0.0,1.0
7241,FWC,460,398.0,384.0,410.54999999999995,33.0,23.0,42.0,124.0,105.0,142.2,4.0,1.0,9.0
7241,FWC2,460,396.0,386.0,410.54999999999995,8.0,4.0,14.0,124.0,111.0,137.55,1.0,0.0,3.549999999999997
7241,FWC3,460,399.0,385.0,411.0,14.0,6.45,19.549999999999997,124.0,107.35,146.75,2.0,0.0,5.0
7241,JLB,460,396.0,380.8,410.0,43.0,34.45,54.55,125.0,110.44999999999999,148.0,7.0,3.0,11.549999999999997
7241,JLB2c,460,397.0,385.0,413.54999999999995,25.0,15.0,36.0,124.0,105.44999999999999,141.29999999999998,4.0,1.0,7.0
7241,JLB3,460,399.0,385.0,413.1,24.0,16.45,35.55,124.0,110.0,145.55,4.0,0.4500000000000002,8.0
7241,LKB,460,399.0,386.45,411.0,16.0,10.45,26.0,123.0,107.0,150.29999999999998,2.0,0.0,6.0
7241,LKB2,460,398.0,384.45,410.54999999999995,10.0,4.45,14.549999999999997,127.0,106.9,146.1,1.0,0.0,4.0
7241,LKB3,460,398.0,383.45,409.0,20.0,12.45,27.549999999999997,125.0,107.0,141.1,3.0,0.0,7.549999999999997
7241,Tbon2,460,398.0,383.9,410.0,12.0,6.45,19.0,124.0,105.35,144.1,2.0,0.0,4.0
7241,Tbon3,460,397.0,383.9,411.0,8.0,4.0,14.0,125.0,107.45,141.2,1.0,0.0,4.0
1505,ARD2c,460,397.0,385.0,411.55,0.0,0.0,0.0,126.0,102.44999999999999,144.1,0.0,0.0,0.0
1505,ARD3,460,399.0,386.45,410.0,0.0,0.0,0.0,124.0,107.9,141.0,0.0,0.0,0.0
1505,CJ,460,330.0,311.45000000000005,345.54999999999995,1.0,0.0,4.0,164.0,142.9,185.1,0.0,0.0,2.0
1505,CJ2,460,398.0,381.8,412.29999999999995,3.0,0.4500000000000002,6.549999999999997,126.0,109.0,141.64999999999998,0.0,0.0,2.549999999999997
1505,CJ3,460,399.0,383.45,413.1,5.0,2.0,9.0,125.0,107.45,144.0,0.0,0.0,2.0
1505,FWC,460,397.0,381.9,413.0,0.0,0.0,1.0,125.0,105.44999999999999,144.0,0.0,0.0,0.0
1505,FWC2,460,399.0,386.45,409.0,2.0,0.0,5.0,126.0,110.44999999999999,144.1,0.0,0.0,2.0
1505,FWC3,460,398.0,382.9,408.55,2.0,0.0,5.0,126.0,111.0,145.55,0.0,0.0,2.0
1505,JLB,460,395.0,380.9,407.0,0.0,0.0,2.0,126.0,107.9,146.0,0.0,0.0,1.0
1505,JLB2c,460,398.0,381.45,410.0,1.0,0.0,3.0,125.0,108.9,144.2,0.0,0.0,1.0
1505,JLB3,460,399.0,387.45000000000005,409.0,2.0,0.0,5.549999999999997,125.0,106.25,142.55,0.0,0.0,1.0
1505,LKB,460,400.0,384.45,410.54999999999995,0.0,0.0,0.0,124.0,108.0,143.0,0.0,0.0,0.0
1505,LKB2,460,397.0,385.45000000000005,410.0,0.0,0.0,0.0,126.0,107.0,143.1,0.0,0.0,0.0
1505,LKB3,460,397.0,385.9,412.55,0.0,0.0,0.0,123.0,101.45,140.2,0.0,0.0,0.0
1505,Tbon2,460,398.0,384.45,409.0,0.0,0.0,2.0,122.0,106.45,143.2,0.0,0.0,1.0
1505,Tbon3,460,398.0,384.45,412.55,3.0,0.0,5.0,124.0,106.45,140.55,0.0,0.0,2.0
1623,ARD2c,460,397.0,382.0,410.65,0.0,0.0,0.0,126.0,100.45,140.55,0.0,0.0,0.0
1623,ARD3,460,397.0,387.45000000000005,409.0,0.0,0.0,0.0,123.0,106.45,141.64999999999998,0.0,0.0,0.0
1623,CJ,460,330.0,313.45000000000005,347.55,0.0,0.0,1.0,163.0,145.89999999999998,187.0,0.0,0.0,1.0
1623,CJ2,460,396.0,382.45000000000005,409.54999999999995,0.0,0.0,2.0,125.0,109.0,142.1,0.0,0.0,0.5499999999999972
1623,CJ3,460,398.0,384.45,410.09999999999997,1.0,0.0,2.0,124.0,104.9,143.29999999999998,0.0,0.0,1.0
1623,FWC,460,396.0,382.0,411.55,0.0,0.0,0.0,124.0,104.45,144.64999999999998,0.0,0.0,0.0
1623,FWC2,460,398.0,384.9,410.54999999999995,0.0,0.0,0.0,126.0,112.0,143.55,0.0,0.0,0.0
1623,FWC3,460,397.0,385.45000000000005,410.0,0.0,0.0,2.0,123.0,107.45,141.55,0.0,0.0,1.0
1623,JLB,460,395.0,381.45,406.54999999999995,0.0,0.0,1.0,126.0,107.45,144.2,0.0,0.0,0.0
1623,JLB2c,460,398.0,385.0,411.0,0.0,0.0,1.0,124.0,105.35,140.1,0.0,0.0,0.0
1623,JLB3,460,398.0,385.45000000000005,415.0,0.0,0.0,2.0,127.0,106.9,147.55,0.0,0.0,1.0
1623,LKB,460,398.0,381.45,413.54999999999995,0.0,0.0,0.0,123.0,105.35,142.0,0.0,0.0,0.0
1623,LKB2,460,397.0,384.9,409.0,0.0,0.0,0.0,125.0,109.45,142.84999999999997,0.0,0.0,0.0
1623,LKB3,460,398.0,383.45,412.55,0.0,0.0,0.0,124.0,104.35,144.0,0.0,0.0,0.0
1623,Tbon2,460,399.0,386.0,412.1,0.0,0.0,1.0,124.0,106.45,142.0,0.0,0.0,0.0
1623,Tbon3,460,399.0,386.0,410.0,0.0,0.0,2.0,123.0,106.0,142.64999999999998,0.0,0.0,0.0
3580,ARD2c,460,399.0,385.35,410.0,0.0,0.0,0.0,124.0,108.44999999999999,141.0,0.0,0.0,0.0
3580,ARD3,460,397.0,386.45,412.65,0.0,0.0,0.0,123.0,105.44999999999999,141.64999999999998,0.0,0.0,0.0
3580,CJ,460,330.0,311.9,347.0,0.0,0.0,0.5499999999999972,164.0,145.89999999999998,181.55,0.0,0.0,0.0
3580,CJ2,460,398.0,387.45000000000005,410.54999999999995,0.0,0.0,0.5499999999999972,124.0,108.44999999999999,147.0,0.0,0.0,0.0
3580,CJ3,460,400.0,383.45,413.0,0.0,0.0,1.0,126.0,105.0,146.64999999999998,0.0,0.0,0.0
3580,FWC,460,398.0,383.0,409.0,0.0,0.0,0.0,126.0,107.35,139.55,0.0,0.0,0.0
3580,FWC2,460,398.0,381.45,414.0,0.0,0.0,1.0,124.0,109.45,142.1,0.0,0.0,0.5499999999999972
3580,FWC3,460,398.0,383.35,411.1,0.0,0.0,0.0,122.0,107.45,147.55,0.0,0.0,0.0
3580,JLB,460,395.0,378.25,411.55,0.0,0.0,1.0,129.0,111.9,145.0,0.0,0.0,1.0
3580,JLB2c,460,398.0,381.45,414.85,0.0,0.0,0.0,124.0,106.0,141.55,0.0,0.0,0.0
3580,JLB3,460,398.0,385.9,412.55,1.0,0.0,3.0,125.0,106.45,139.55,0.0,0.0,1.0
3580,LKB,460,397.0,382.45000000000005,409.54999999999995,0.0,0.0,0.0,123.0,103.9,145.1,0.0,0.0,0.0
3580,LKB2,460,399.0,381.9,410.09999999999997,0.0,0.0,0.0,125.0,106.9,142.1,0.0,0.0,0.0
3580,LKB3,460,397.0,385.35,409.1,0.0,0.0,0.0,124.0,108.44999999999999,141.0,0.0,0.0,0.0
3580,Tbon2,460,397.0,385.0,410.54999999999995,0.0,0.0,0.5499999999999972,125.0,110.0,142.0,0.0,0.0,0.0
3580,Tbon3,460,397.0,382.0,409.0,0.0,0.0,1.0,124.0,109.45,142.64999999999998,0.0,0.0,0.5499999999999972
3581,ARD2c,460,399.0,384.45,411.1,0.0,0.0,0.0,123.0,104.80000000000001,140.55,0.0,0.0,0.0
3581,ARD3,460,396.0,386.0,412.55,0.0,0.0,0.0,124.0,106.8,142.55,0.0,0.0,0.0
3581,CJ,460,329.0,311.8,344.65,0.0,0.0,0.0,163.0,147.0,183.1,0.0,0.0,0.0
3581,CJ2,460,397.0,385.45000000000005,410.0,0.0,0.0,1.0,123.0,110.44999999999999,139.55,0.0,0.0,1.0
3581,CJ3,460,397.0,382.0,409.0,0.0,0.0,3.0,124.0,103.0,140.55,0.0,0.0,1.0
3581,FWC,460,399.0,383.0,412.55,0.0,0.0,0.0,126.0,108.35,140.1,0.0,0.0,0.0
3581,FWC2,460,399.0,386.35,410.0,0.0,0.0,1.0,127.0,105.44999999999999,141.64999999999998,0.0,0.0,0.0
3581,FWC3,460,397.0,383.45,410.0,0.0,0.0,1.0,126.0,108.35,141.55,0.0,0.0,0.0
3581,JLB,460,394.0,380.45000000000005,412.2,0.0,0.0,1.0,127.0,109.45,141.55,0.0,0.0,0.0
3581,JLB2c,460,398.0,385.0,411.1,0.0,0.0,0.0,122.0,102.0,143.55,0.0,0.0,0.0
3581,JLB3,460,398.0,381.0,411.1,0.0,0.0,0.0,123.0,107.45,143.0,0.0,0.0,0.0
3581,LKB,460,398.0,385.45000000000005,413.2,0.0,0.0,0.0,124.0,110.0,142.1,0.0,0.0,0.0
3581,LKB2,460,396.0,383.0,412.0,0.0,0.0,0.0,125.0,105.44999999999999,138.55,0.0,0.0,0.0
3581,LKB3,460,396.0,382.0,410.54999999999995,0.0,0.0,0.0,124.0,106.35,139.55,0.0,0.0,0.0
3581,Tbon2,460,399.0,386.45,414.09999999999997,0.0,0.0,0.0,125.0,107.0,144.29999999999998,0.0,0.0,0.0
3581,Tbon3,460,396.0,381.45,406.54999999999995,0.0,0.0,2.0,122.0,106.0,141.1,0.0,0.0,1.0
5579,ARD2c,460,398.0,383.0,411.0,0.0,0.0,0.0,124.0,109.9,139.0,0.0,0.0,0.0
5579,ARD3,460,397.0,380.9,409.0,0.0,0.0,0.0,123.0,105.44999999999999,148.2,0.0,0.0,0.0
5579,CJ,460,328.0,308.35,348.2,0.0,0.0,1.0,163.0,141.89999999999998,181.1,0.0,0.0,1.0
5579,CJ2,460,396.0,382.45000000000005,409.0,0.0,0.0,2.0,124.0,107.80000000000001,141.55,0.0,0.0,1.0
5579,CJ3,460,397.0,379.0,406.54999999999995,1.0,0.0,5.549999999999997,124.0,107.0,140.0,0.0,0.0,1.0
5579,FWC,460,397.0,382.0,412.0,0.0,0.0,0.0,123.0,105.44999999999999,142.55,0.0,0.0,0.0
5579,FWC2,460,398.0,382.45000000000005,410.0,0.0,0.0,2.0,125.0,107.45,139.55,0.0,0.0,1.0
5579,FWC3,460,398.0,385.0,413.0,1.0,0.0,3.549999999999997,125.0,106.35,139.0,0.0,0.0,1.0
5579,JLB,460,395.0,379.9,405.54999999999995,0.0,0.0,0.0,124.0,107.0,144.55,0.0,0.0,0.0
5579,JLB2c,460,397.0,383.0,409.0,0.0,0.0,0.0,123.0,108.0,141.0,0.0,0.0,0.0
5579,JLB3,460,399.0,385.9,413.1,0.0,0.0,1.0,125.0,109.0,144.0,0.0,0.0,0.0
5579,LKB,460,397.0,385.0,411.55,0.0,0.0,0.0,126.0,110.9,142.55,0.0,0.0,0.0
5579,LKB2,460,396.0,384.45,409.0,0.0,0.0,0.0,124.0,108.44999999999999,140.55,0.0,0.0,0.0
5579,LKB3,460,400.0,383.45,415.2,0.0,0.0,0.0,126.0,106.35,142.0,0.0,0.0,0.0
5579,Tbon2,460,397.0,381.9,413.0,0.0,0.0,1.0,123.0,106.45,140.1,0.0,0.0,0.0
5579,Tbon3,460,399.0,382.45000000000005,414.0,1.0,0.0,2.0,124.0,104.0,140.1,0.0,0.0,1.0
5595,ARD2c,460,399.0,384.25,411.65,0.0,0.0,0.0,125.0,106.45,146.0,0.0,0.0,0.0
5595,ARD3,460,397.0,382.9,410.54999999999995,0.0,0.0,0.0,124.0,106.0,145.0,0.0,0.0,0.0
5595,CJ,460,331.0,316.0,348.55,0.0,0.0,1.0,162.0,144.9,181.1,0.0,0.0,0.0
5595,CJ2,460,397.0,383.9,410.09999999999997,0.0,0.0,2.0,123.0,106.0,142.64999999999998,0.0,0.0,1.0
5595,CJ3,460,397.0,387.0,413.0,2.0,0.0,4.549999999999997,123.0,107.9,142.1,0.0,0.0,2.0
5595,FWC,460,398.0,387.0,411.1,0.0,0.0,0.0,124.0,104.45,142.55,0.0,0.0,0.0
5595,FWC2,460,397.0,383.9,412.65,0.0,0.0,2.0,124.0,104.0,145.29999999999998,0.0,0.0,1.0
5595,FWC3,460,399.0,384.45,410.54999999999995,0.0,0.0,1.0,125.0,108.9,142.1,0.0,0.0,0.0
5595,JLB,460,394.0,377.45000000000005,408.1,0.0,0.0,1.0,125.0,107.45,141.0,0.0,0.0,1.0
5595,JLB2c,460,398.0,381.9,413.54999999999995,0.0,0.0,0.0,122.0,102.80000000000001,141.0,0.0,0.0,0.0
5595,JLB3,460,397.0,386.45,412.0,0.0,0.0,3.0,124.0,102.44999999999999,140.55,0.0,0.0,1.0
5595,LKB,460,397.0,385.45000000000005,413.0,0.0,0.0,0.0,126.0,110.9,141.55,0.0,0.0,0.0
5595,LKB2,460,397.0,383.0,413.2,0.0,0.0,0.0,126.0,108.9,147.55,0.0,0.0,0.0
5595,LKB3,460,395.0,383.0,410.54999999999995,0.0,0.0,0.0,123.0,105.44999999999999,142.2,0.0,0.0,0.0
5595,Tbon2,460,398.0,384.45,409.54999999999995,0.0,0.0,0.0,124.0,103.0,141.2,0.0,0.0,0.0
5595,Tbon3,460,399.0,382.0,414.09999999999997,0.0,0.0,2.0,124.0,108.35,147.0,0.0,0.0,1.0
6780,ARD2c,460,399.0,384.0,412.65,0.0,0.0,0.0,126.0,108.44999999999999,144.55,0.0,0.0,0.0
6780,ARD3,460,398.0,380.35,409.0,0.0,0.0,0.0,125.0,106.0,141.55,0.0,0.0,0.0
6780,CJ,460,332.0,314.0,352.0,0.0,0.0,2.0,164.0,143.0,185.0,0.0,0.0,1.0
6780,CJ2,460,397.0,384.0,410.09999999999997,0.0,0.0,1.0,123.0,108.0,142.0,0.0,0.0,1.0
6780,CJ3,460,396.0,378.0,409.54999999999995,3.0,0.4500000000000002,7.0,126.0,102.0,142.0,0.0,0.0,2.0
6780,FWC,460,398.0,384.0,411.65,0.0,0.0,0.0,124.0,108.44999999999999,140.55,0.0,0.0,0.0
6780,FWC2,460,399.0,386.0,410.54999999999995,1.0,0.0,4.0,124.0,105.44999999999999,146.0,0.0,0.0,1.0
6780,FWC3,460,398.0,384.45,409.54999999999995,0.0,0.0,2.0,126.0,110.0,144.0,0.0,0.0,0.5499999999999972
6780,JLB,460,394.0,380.0,408.55,0.0,0.0,1.0,128.0,107.80000000000001,145.1,0.0,0.0,0.0
6780,JLB2c,460,397.0,381.45,408.0,0.0,0.0,0.0,126.0,109.45,142.0,0.0,0.0,0.0
6780,JLB3,460,397.0,381.0,412.55,0.0,0.0,2.0,123.0,105.44999999999999,142.55,0.0,0.0,1.0
6780,LKB,460,401.0,388.0,411.55,0.0,0.0,0.0,125.0,107.9,140.55,0.0,0.0,0.0
6780,LKB2,460,398.0,385.9,412.55,0.0,0.0,0.0,124.0,106.45,141.0,0.0,0.0,0.0
6780,LKB3,460,398.0,381.45,411.55,0.0,0.0,0.0,122.0,107.0,143.64999999999998,0.0,0.0,0.0
6780,Tbon2,460,396.0,384.0,411.55,0.0,0.0,0.0,124.0,103.35,143.55,0.0,0.0,0.0
6780,Tbon3,460,398.0,386.0,408.1,0.0,0.0,1.0,124.0,105.80000000000001,140.1,0.0,0.0,0.0
6781,ARD2c,460,397.0,383.45,408.55,0.0,0.0,0.0,126.0,103.35,141.0,0.0,0.0,0.0
6781,ARD3,460,398.0,385.45000000000005,410.54999999999995,0.0,0.0,0.0,124.0,107.0,143.55,0.0,0.0,0.0
6781,CJ,460,330.0,310.45,346.2,0.0,0.0,1.0,163.0,142.35,182.0,0.0,0.0,1.0
6781,CJ2,460,398.0,386.0,410.0,0.0,0.0,1.0,123.0,106.45,141.75,0.0,0.0,0.0
6781,CJ3,460,397.0,380.9,410.54999999999995,1.0,0.0,3.0,126.0,104.9,147.55,0.0,0.0,1.0
6781,FWC,460,397.0,384.0,411.0,0.0,0.0,0.0,125.0,106.0,142.0,0.0,0.0,0.0
6781,FWC2,460,397.0,382.45000000000005,412.0,0.0,0.0,0.0,125.0,107.35,143.0,0.0,0.0,0.0
6781,FWC3,460,397.0,382.45000000000005,411.0,0.0,0.0,0.0,123.0,108.35,141.1,0.0,0.0,0.0
6781,JLB,460,396.0,381.45,409.54999999999995,0.0,0.0,0.0,126.0,110.0,146.0,0.0,0.0,0.0
6781,JLB2c,460,399.0,385.0,412.0,0.0,0.0,0.0,126.0,109.0,145.55,0.0,0.0,0.0
6781,JLB3,460,398.0,385.9,408.55,0.0,0.0,0.0,126.0,106.0,140.64999999999998,0.0,0.0,0.0
6781,LKB,460,398.0,385.9,412.55,0.0,0.0,0.0,124.0,104.45,143.55,0.0,0.0,0.0
6781,LKB2,460,398.0,383.45,410.09999999999997,0.0,0.0,0.0,124.0,104.0,143.0,0.0,0.0,0.0
6781,LKB3,460,397.0,383.0,410.54999999999995,0.0,0.0,0.0,123.0,106.9,144.64999999999998,0.0,0.0,0.0
6781,Tbon2,460,399.0,385.0,410.54999999999995,0.0,0.0,1.0,123.0,107.45,141.1,0.0,0.0,0.0
6781,Tbon3,460,397.0,380.9,411.0,0.0,0.0,0.0,122.0,105.0,141.0,0.0,0.0,0.0
6783,ARD2c,460,398.0,384.45,411.0,0.0,0.0,0.0,122.0,107.80000000000001,145.75,0.0,0.0,0.0
6783,ARD3,460,398.0,384.45,409.0,0.0,0.0,0.0,123.0,105.0,138.0,0.0,0.0,0.0
6783,CJ,460,332.0,314.45,346.54999999999995,1.0,0.0,4.0,165.0,145.45,177.0,0.0,0.0,2.0
6783,CJ2,460,397.0,383.45,410.3,1.0,0.0,2.0,125.0,105.44999999999999,143.64999999999998,0.0,0.0,1.0
6783,CJ3,460,398.0,383.35,413.54999999999995,1.0,0.0,3.549999999999997,126.0,109.0,144.0,0.0,0.0,1.0
6783,FWC,460,398.0,381.0,410.54999999999995,0.0,0.0,0.0,124.0,106.0,142.55,0.0,0.0,0.0
6783,FWC2,460,398.0,379.9,410.54999999999995,0.0,0.0,1.0,124.0,107.0,140.0,0.0,0.0,0.0
6783,FWC3,460,399.0,381.9,414.09999999999997,0.0,0.0,2.0,123.0,104.0,148.55,0.0,0.0,1.0
6783,JLB,460,395.0,381.45,407.55,0.0,0.0,0.0,126.0,108.44999999999999,142.0,0.0,0.0,0.0
6783,JLB2c,460,399.0,381.25,408.65,0.0,0.0,0.0,126.0,105.44999999999999,143.55,0.0,0.0,0.0
6783,JLB3,460,398.0,384.45,409.54999999999995,0.0,0.0,0.0,124.0,107.0,141.1,0.0,0.0,0.0
6783,LKB,460,397.0,384.0,409.54999999999995,0.0,0.0,0.0,125.0,107.9,139.1,0.0,0.0,0.0
6783,LKB2,460,398.0,383.45,411.55,0.0,0.0,0.0,124.0,109.0,143.0,0.0,0.0,0.0
6783,LKB3,460,399.0,381.45,411.55,0.0,0.0,0.0,124.0,101.35,147.64999999999998,0.0,0.0,0.0
6783,Tbon2,460,398.0,381.9,413.0,0.0,0.0,2.0,124.0,109.0,139.1,0.0,0.0,1.0
6783,Tbon3,460,398.0,382.45000000000005,413.54999999999995,1.0,0.0,3.0,122.0,106.45,141.64999999999998,0.0,0.0,1.0
7286,ARD2c,460,399.0,380.9,411.0,0.0,0.0,0.0,124.0,108.0,140.55,0.0,0.0,0.0
7286,ARD3,460,399.0,384.45,410.65,0.0,0.0,0.0,127.0,111.0,144.55,0.0,0.0,0.0
7286,CJ,460,330.0,315.0,348.55,1.0,0.0,4.0,164.0,145.45,185.0,0.0,0.0,2.0
7286,CJ2,460,398.0,382.35,409.54999999999995,2.0,0.0,6.0,124.0,107.9,140.0,0.0,0.0,1.0
7286,CJ3,460,399.0,386.45,413.0,2.0,0.0,6.0,125.0,107.0,139.55,0.0,0.0,2.0
7286,FWC,460,399.0,383.45,412.0,0.0,0.0,1.0,126.0,108.44999999999999,143.55,0.0,0.0,0.0
7286,FWC2,460,396.0,380.25,411.0,1.0,0.0,3.0,125.0,106.9,141.1,0.0,0.0,1.0
7286,FWC3,460,399.0,386.0,413.54999999999995,1.0,0.0,5.0,125.0,108.0,142.0,0.0,0.0,1.5499999999999972
7286,JLB,460,395.0,383.45,407.55,0.0,0.0,1.0,129.0,111.45,148.0,0.0,0.0,0.0
7286,JLB2c,460,398.0,382.35,411.0,0.0,0.0,0.0,124.0,106.35,139.55,0.0,0.0,0.0
7286,JLB3,460,397.0,381.0,411.55,0.0,0.0,2.0,123.0,104.45,142.55,0.0,0.0,1.0
7286,LKB,460,399.0,384.45,413.54999999999995,0.0,0.0,0.0,123.0,103.0,140.55,0.0,0.0,0.0
7286,LKB2,460,398.0,383.45,407.55,0.0,0.0,0.0,124.0,108.0,145.55,0.0,0.0,0.0
7286,LKB3,460,399.0,383.45,409.0,0.0,0.0,0.0,125.0,108.35,143.64999999999998,0.0,0.0,0.0
7286,Tbon2,460,398.0,386.0,412.0,2.0,0.0,4.549999999999997,125.0,108.44999999999999,144.55,0.0,0.0,1.0
7286,Tbon3,460,397.0,383.45,411.1,1.0,0.0,4.549999999999997,123.0,107.45,146.1,0.0,0.0,1.0
7287,ARD2c,460,397.0,381.35,412.0,0.0,0.0,0.0,124.0,103.9,144.0,0.0,0.0,0.0
7287,ARD3,460,398.0,383.45,408.0,0.0,0.0,0.0,125.0,112.0,141.55,0.0,0.0,0.0
7287,CJ,460,332.0,317.0,349.0,0.0,0.0,1.0,164.0,147.45,185.2,0.0,0.0,1.0
7287,CJ2,460,397.0,384.0,409.0,0.0,0.0,2.0,125.0,107.80000000000001,142.1,0.0,0.0,1.0
7287,CJ3,460,400.0,386.0,410.0,0.0,0.0,2.0,124.0,110.44999999999999,141.0,0.0,0.0,1.0
7287,FWC,460,398.0,382.45000000000005,414.0,0.0,0.0,0.0,124.0,105.44999999999999,144.0,0.0,0.0,0.0
7287,FWC2,460,398.0,384.9,412.55,0.0,0.0,0.0,124.0,107.45,144.55,0.0,0.0,0.0
7287,FWC3,460,397.0,379.0,409.0,0.0,0.0,2.0,124.0,109.0,141.55,0.0,0.0,0.5499999999999972
7287,JLB,460,393.0,378.0,407.55,0.0,0.0,0.0,126.0,110.9,145.0,0.0,0.0,0.0
7287,JLB2c,460,399.0,380.35,411.0,0.0,0.0,0.0,123.0,106.45,146.29999999999998,0.0,0.0,0.0
7287,JLB3,460,398.0,387.45000000000005,411.1,0.0,0.0,0.0,127.0,108.9,144.0,0.0,0.0,0.0
7287,LKB,460,395.0,385.45000000000005,411.1,0.0,0.0,0.0,122.0,102.35,141.1,0.0,0.0,0.0
7287,LKB2,460,400.0,386.45,410.0,0.0,0.0,0.0,127.0,104.45,145.0,0.0,0.0,0.0
7287,LKB3,460,398.0,384.45,415.55,0.0,0.0,0.0,124.0,109.0,141.55,0.0,0.0,0.0
7287,Tbon2,460,398.0,384.0,411.0,0.0,0.0,0.0,124.0,106.35,142.0,0.0,0.0,0.0
7287,Tbon3,460,398.0,384.45,413.1,0.0,0.0,2.0,125.0,106.9,143.1,0.0,0.0,1.0
1088,ARD2c,460,397.0,384.9,410.65,0.0,0.0,0.0,126.0,107.69999999999999,142.55,0.0,0.0,0.0
1088,ARD3,460,397.0,383.0,412.1,5.0,1.0,11.0,126.0,103.9,143.55,0.0,0.0,3.0
1088,CJ,460,332.0,316.0,347.55,0.0,0.0,1.0,164.0,147.0,184.55,0.0,0.0,0.0
1088,CJ2,460,397.0,383.45,410.09999999999997,0.0,0.0,1.5499999999999972,124.0,105.0,149.64999999999998,0.0,0.0,0.5499999999999972
1088,CJ3,460,398.0,384.9,411.0,0.0,0.0,1.0,125.0,109.0,142.55,0.0,0.0,0.0
1088,FWC,460,397.0,384.0,412.1,3.0,0.0,6.549999999999997,125.0,105.0,142.55,0.0,0.0,2.0
1088,FWC2,460,399.0,381.9,411.55,1.0,0.0,3.549999999999997,126.0,107.9,146.55,0.0,0.0,1.0
1088,FWC3,460,398.0,387.45000000000005,410.54999999999995,1.0,0.0,4.0,124.0,107.45,141.0,0.0,0.0,1.0
1088,JLB,460,393.0,382.0,404.55,4.0,1.0,10.0,128.0,109.45,144.55,0.0,0.0,2.549999999999997
1088,JLB2c,460,399.0,386.0,411.55,10.0,4.45,15.0,126.0,106.0,143.55,1.0,0.0,4.0
1088,JLB3,460,398.0,387.45000000000005,410.54999999999995,12.0,5.0,19.099999999999994,124.0,106.0,142.64999999999998,2.0,0.0,4.0
1088,LKB,460,397.0,383.9,412.0,0.0,0.0,0.0,126.0,107.45,140.0,0.0,0.0,0.0
1088,LKB2,460,398.0,383.35,409.0,0.0,0.0,0.0,126.0,105.44999999999999,143.0,0.0,0.0,0.0
1088,LKB3,460,397.0,383.0,410.0,0.0,0.0,2.0,124.0,105.0,143.55,0.0,0.0,1.0
1088,Tbon2,460,398.0,384.45,414.09999999999997,0.0,0.0,1.0,123.0,107.9,138.55,0.0,0.0,0.0
1088,Tbon3,460,398.0,385.45000000000005,414.0,0.0,0.0,3.0,125.0,107.45,139.55,0.0,0.0,1.0
1259,ARD2c,460,397.0,381.9,412.0,0.0,0.0,0.0,126.0,106.9,141.0,0.0,0.0,0.0
1259,ARD3,460,397.0,386.0,410.0,0.0,0.0,0.0,125.0,107.45,141.0,0.0,0.0,0.0
1259,CJ,460,333.0,310.0,347.55,0.0,0.0,1.0,165.0,142.9,187.55,0.0,0.0,0.5499999999999972
1259,CJ2,460,399.0,386.0,411.55,0.0,0.0,0.0,124.0,105.44999999999999,144.1,0.0,0.0,0.0
1259,CJ3,460,398.0,384.9,413.0,0.0,0.0,0.0,126.0,106.9,138.55,0.0,0.0,0.0
1259,FWC,460,397.0,381.45,414.09999999999997,6.0,2.0,10.0,125.0,106.0,145.55,1.0,0.0,2.549999999999997
1259,FWC2,460,396.0,380.8,411.0,0.0,0.0,0.0,124.0,104.0,140.75,0.0,0.0,0.0
1259,FWC3,460,398.0,384.45,409.0,0.0,0.0,0.0,125.0,104.9,140.55,0.0,0.0,0.0
1259,JLB,460,396.0,379.45,408.55,0.0,0.0,1.0,128.0,108.0,150.64999999999998,0.0,0.0,0.0
1259,JLB2c,460,398.0,384.0,411.0,0.0,0.0,0.0,125.0,106.9,143.55,0.0,0.0,0.0
1259,JLB3,460,399.0,384.79999999999995,412.1,5.0,1.0,10.0,126.0,105.35,142.0,1.0,0.0,2.0
1259,LKB,460,398.0,385.0,411.0,0.0,0.0,0.0,123.0,108.44999999999999,143.55,0.0,0.0,0.0
1259,LKB2,460,397.0,379.9,409.54999999999995,0.0,0.0,0.0,126.0,106.9,139.64999999999998,0.0,0.0,0.0
1259,LKB3,460,398.0,384.0,411.0,0.0,0.0,0.0,125.0,109.0,143.55,0.0,0.0,0.0
1259,Tbon2,460,399.0,382.9,411.0,0.0,0.0,1.0,123.0,100.9,141.75,0.0,0.0,0.0
1259,Tbon3,460,398.0,383.45,411.65,1.0,0.0,3.0,126.0,108.44999999999999,141.55,0.0,0.0,1.0
2874,ARD2c,460,397.0,385.45000000000005,413.1,0.0,0.0,0.0,125.0,108.44999999999999,144.0,0.0,0.0,0.0
2874,ARD3,460,396.0,383.45,408.55,1.0,0.0,4.0,124.0,107.0,139.55,0.0,0.0,1.0
2874,CJ,460,330.0,313.0,348.55,1.0,0.0,3.0,163.0,140.45,181.55,0.0,0.0,1.0
2874,CJ2,460,397.0,384.45,411.0,0.0,0.0,2.549999999999997,125.0,107.0,142.0,0.0,0.0,1.0
2874,CJ3,460,396.0,387.0,411.55,0.0,0.0,2.549999999999997,124.0,103.45,141.1,0.0,0.0,1.0
2874,FWC,460,399.0,383.45,411.55,0.0,0.0,1.0,122.0,103.9,139.55,0.0,0.0,0.0
2874,FWC2,460,399.0,383.45,413.54999999999995,0.0,0.0,2.0,127.0,107.45,140.55,0.0,0.0,1.0
2874,FWC3,460,398.0,382.45000000000005,412.0,0.0,0.0,1.0,125.0,105.44999999999999,143.0,0.0,0.0,0.0
2874,JLB,460,397.0,382.45000000000005,409.0,0.0,0.0,2.0,129.0,111.0,141.55,0.0,0.0,1.0
2874,JLB2c,460,399.0,383.0,410.54999999999995,1.0,0.0,4.0,124.0,105.9,141.55,0.0,0.0,1.0
2874,JLB3,460,398.0,383.9,411.0,0.0,0.0,1.0,124.0,102.9,141.55,0.0,0.0,0.0
2874,LKB,460,397.0,387.0,410.54999999999995,0.0,0.0,0.0,125.0,104.9,142.55,0.0,0.0,0.0
2874,LKB2,460,399.0,383.9,413.54999999999995,0.0,0.0,0.0,127.0,108.44999999999999,146.55,0.0,0.0,0.0
2874,LKB3,460,397.0,383.0,410.54999999999995,0.0,0.0,0.0,126.0,107.45,142.0,0.0,0.0,0.0
2874,Tbon2,460,398.0,383.9,412.65,1.0,0.0,4.0,125.0,108.9,141.0,0.0,0.0,1.0
2874,Tbon3,460,399.0,384.9,409.54999999999995,3.0,1.0,7.0,125.0,107.0,143.64999999999998,0.0,0.0,2.0
5071,ARD2c,460,400.0,387.0,412.0,0.0,0.0,2.0,125.0,104.45,142.55,0.0,0.0,1.0
5071,ARD3,460,400.0,387.0,410.54999999999995,0.0,0.0,2.0,124.0,105.44999999999999,145.55,0.0,0.0,1.0
5071,CJ,460,331.0,310.9,350.09999999999997,0.0,0.0,1.0,163.0,142.9,183.55,0.0,0.0,1.0
5071,CJ2,460,397.0,386.45,411.0,1.0,0.0,3.0,123.0,109.45,141.1,0.0,0.0,1.0
5071,CJ3,460,397.0,383.45,411.0,0.0,0.0,2.0,123.0,103.35,142.0,0.0,0.0,0.0
5071,FWC,460,399.0,382.0,411.65,1.0,0.0,4.0,125.0,109.45,144.64999999999998,0.0,0.0,1.0
5071,FWC2,460,398.0,384.45,413.0,0.0,0.0,1.0,125.0,107.0,143.1,0.0,0.0,1.0
5071,FWC3,460,397.0,382.9,412.0,0.0,0.0,1.0,125.0,108.35,147.1,0.0,0.0,0.0
5071,JLB,460,395.0,380.0,409.54999999999995,5.0,1.4500000000000002,9.549999999999997,127.0,113.0,146.1,1.0,0.0,2.0
5071,JLB2c,460,397.0,383.0,409.54999999999995,2.0,0.0,5.549999999999997,125.0,107.0,143.55,0.0,0.0,1.5499999999999972
5071,JLB3,460,396.0,382.9,413.54999999999995,8.0,4.0,13.0,126.0,109.0,147.1,1.0,0.0,3.0
5071,LKB,460,399.0,383.8,413.0,0.0,0.0,0.0,127.0,109.45,142.0,0.0,0.0,0.0
5071,LKB2,460,398.0,383.35,411.65,0.0,0.0,0.0,125.0,108.0,145.55,0.0,0.0,0.0
5071,LKB3,460,397.0,381.0,410.0,0.0,0.0,0.0,125.0,104.25,145.84999999999997,0.0,0.0,0.0
5071,Tbon2,460,396.0,384.45,409.1,1.0,0.0,4.0,124.0,103.9,143.84999999999997,0.0,0.0,1.0
5071,Tbon3,460,397.0,385.45000000000005,409.54999999999995,2.0,0.0,6.0,125.0,104.45,140.55,0.0,0.0,2.0
5072,ARD2c,460,398.0,382.9,407.55,0.0,0.0,0.0,124.0,106.15,138.55,0.0,0.0,0.0
5072,ARD3,460,398.0,383.9,409.54999999999995,0.0,0.0,0.0,126.0,108.44999999999999,143.1,0.0,0.0,0.0
5072,CJ,460,331.0,313.45000000000005,344.1,0.0,0.0,0.0,166.0,146.45,187.2,0.0,0.0,0.0
5072,CJ2,460,399.0,382.0,411.0,0.0,0.0,0.0,125.0,103.9,146.55,0.0,0.0,0.0
5072,CJ3,460,396.0,382.45000000000005,407.1,0.0,0.0,0.0,124.0,108.44999999999999,142.0,0.0,0.0,0.0
5072,FWC,460,398.0,382.45000000000005,413.1,1.0,0.0,2.0,126.0,105.44999999999999,142.55,0.0,0.0,1.0
5072,FWC2,460,399.0,383.45,413.0,0.0,0.0,0.0,126.0,108.35,142.2,0.0,0.0,0.0
5072,FWC3,460,398.0,383.45,411.55,0.0,0.0,0.0,126.0,108.44999999999999,140.0,0.0,0.0,0.0
5072,JLB,460,394.0,378.35,412.1,0.0,0.0,1.0,126.0,108.44999999999999,145.0,0.0,0.0,0.0
5072,JLB2c,460,398.0,382.9,410.0,0.0,0.0,0.0,123.0,104.0,140.55,0.0,0.0,0.0
5072,JLB3,460,399.0,384.45,411.0,2.0,0.0,4.0,124.0,107.45,140.0,0.0,0.0,1.0
5072,LKB,460,397.0,385.0,409.0,0.0,0.0,0.0,122.0,107.45,141.55,0.0,0.0,0.0
5072,LKB2,460,397.0,379.45,411.55,0.0,0.0,0.0,124.0,108.44999999999999,141.0,0.0,0.0,0.0
5072,LKB3,460,398.0,387.45000000000005,410.09999999999997,0.0,0.0,0.0,124.0,106.35,140.0,0.0,0.0,0.0
5072,Tbon2,460,398.0,383.45,412.65,0.0,0.0,0.0,126.0,110.9,144.55,0.0,0.0,0.0
5072,Tbon3,460,397.0,385.45000000000005,412.0,0.0,0.0,0.0,123.0,107.45,143.1,0.0,0.0,0.0
6510,ARD2c,460,397.0,383.0,412.55,0.0,0.0,0.0,124.0,105.44999999999999,144.0,0.0,0.0,0.0
6510,ARD3,460,398.0,385.45000000000005,414.09999999999997,0.0,0.0,1.0,125.0,107.45,141.55,0.0,0.0,1.0
6510,CJ,460,330.0,309.45,348.29999999999995,0.0,0.0,1.0,164.0,144.0,187.0,0.0,0.0,0.0
6510,CJ2,460,399.0,385.45000000000005,412.0,0.0,0.0,0.0,123.0,106.9,147.1,0.0,0.0,0.0
6510,CJ3,460,398.0,385.35,410.54999999999995,0.0,0.0,1.0,124.0,108.0,141.55,0.0,0.0,0.0
6510,FWC,460,398.0,383.7,409.54999999999995,0.0,0.0,1.0,125.0,110.44999999999999,138.55,0.0,0.0,0.5499999999999972
6510,FWC2,460,397.0,384.45,412.1,0.0,0.0,1.0,123.0,105.44999999999999,140.1,0.0,0.0,0.0
6510,FWC3,460,397.0,381.45,411.1,0.0,0.0,2.0,125.0,109.45,142.1,0.0,0.0,1.0
6510,JLB,460,395.0,378.45,407.55,0.0,0.0,0.0,127.0,113.44999999999999,146.55,0.0,0.0,0.0
6510,JLB2c,460,397.0,384.45,408.55,1.0,0.0,4.0,125.0,101.25,142.0,0.0,0.0,2.0
6510,JLB3,460,398.0,382.0,409.0,0.0,0.0,0.0,124.0,108.0,144.29999999999998,0.0,0.0,0.0
6510,LKB,460,398.0,382.79999999999995,411.55,0.0,0.0,0.0,124.0,109.0,141.55,0.0,0.0,0.0
6510,LKB2,460,399.0,379.45,411.0,0.0,0.0,0.0,126.0,110.35,141.0,0.0,0.0,0.0
6510,LKB3,460,398.0,380.9,410.0,0.0,0.0,0.0,126.0,107.45,141.1,0.0,0.0,0.0
6510,Tbon2,460,397.0,384.45,410.0,0.0,0.0,0.0,125.0,109.45,141.0,0.0,0.0,0.0
6510,Tbon3,460,398.0,384.0,410.65,0.0,0.0,2.0,126.0,104.0,143.0,0.0,0.0,1.0
2931,ARD2c,460,399.0,383.0,411.55,3.0,0.0,6.549999999999997,126.0,106.9,142.55,0.0,0.0,2.0
2931,ARD3,460,398.0,384.0,413.54999999999995,0.0,0.0,1.0,125.0,103.35,140.0,0.0,0.0,0.0
2931,CJ,460,331.0,315.45,348.0,0.0,0.0,0.0,164.0,145.0,184.0,0.0,0.0,0.0
2931,CJ2,460,398.0,383.45,412.1,0.0,0.0,0.0,123.0,110.0,145.55,0.0,0.0,0.0
2931,CJ3,460,399.0,383.45,414.2,0.0,0.0,0.0,125.0,107.80000000000001,144.55,0.0,0.0,0.0
2931,FWC,460,397.0,383.45,408.0,1.0,0.0,3.0,126.0,107.45,140.64999999999998,0.0,0.0,2.0
2931,FWC2,460,397.0,385.45000000000005,411.55,0.0,0.0,1.0,125.0,105.0,142.55,0.0,0.0,0.0
2931,FWC3,460,399.0,385.45000000000005,410.54999999999995,0.0,0.0,1.0,125.0,103.7,139.0,0.0,0.0,0.0
2931,JLB,460,396.0,383.0,411.2,0.0,0.0,0.0,127.0,106.35,142.55,0.0,0.0,0.0
2931,JLB2c,460,397.0,381.0,410.54999999999995,0.0,0.0,1.0,124.0,105.44999999999999,139.55,0.0,0.0,0.5499999999999972
2931,JLB3,460,396.0,382.45000000000005,413.54999999999995,0.0,0.0,0.5499999999999972,126.0,106.0,139.64999999999998,0.0,0.0,0.0
2931,LKB,460,398.0,386.45,410.54999999999995,0.0,0.0,1.0,124.0,106.45,142.0,0.0,0.0,0.0
2931,LKB2,460,399.0,382.45000000000005,413.65,0.0,0.0,1.0,124.0,109.35,142.0,0.0,0.0,1.0
2931,LKB3,460,397.0,384.0,409.54999999999995,0.0,0.0,1.0,125.0,102.15,140.0,0.0,0.0,0.0
2931,Tbon2,460,398.0,384.9,413.1,0.0,0.0,0.0,123.0,106.45,147.64999999999998,0.0,0.0,0.0
2931,Tbon3,460,396.0,383.9,408.55,0.0,0.0,0.0,124.0,105.0,139.1,0.0,0.0,0.0
6547,ARD2c,460,399.0,385.0,416.1,10.0,5.0,15.549999999999997,123.0,103.45,143.55,1.0,0.0,4.0
6547,ARD3,460,397.0,385.45000000000005,409.1,1.0,0.0,4.0,124.0,107.45,143.55,0.0,0.0,1.0
6547,CJ,460,331.0,311.0,351.65,0.0,0.0,0.0,164.0,141.45,183.1,0.0,0.0,0.0
6547,CJ2,460,399.0,382.35,413.0,0.0,0.0,0.0,127.0,107.45,145.0,0.0,0.0,0.0
6547,CJ3,460,398.0,381.9,412.0,0.0,0.0,0.0,123.0,105.0,142.55,0.0,0.0,0.0
6547,FWC,460,398.0,383.45,413.54999999999995,2.0,0.0,5.0,124.0,108.0,146.1,0.0,0.0,1.0
6547,FWC2,460,397.0,385.0,410.54999999999995,0.0,0.0,1.0,124.0,104.80000000000001,139.1,0.0,0.0,0.0
6547,FWC3,460,397.0,381.9,410.54999999999995,0.0,0.0,1.0,126.0,107.9,140.1,0.0,0.0,0.0
6547,JLB,460,395.0,378.45,414.09999999999997,0.0,0.0,1.0,127.0,107.45,146.55,0.0,0.0,1.0
6547,JLB2c,460,398.0,384.0,411.55,0.0,0.0,1.0,123.0,105.35,137.55,0.0,0.0,0.0
6547,JLB3,460,399.0,385.45000000000005,414.65,0.0,0.0,0.0,125.0,106.45,140.1,0.0,0.0,0.0
6547,LKB,460,398.0,384.0,414.0,1.0,0.0,3.0,123.0,105.25,141.55,0.0,0.0,1.0
6547,LKB2,460,400.0,383.45,414.54999999999995,0.0,0.0,2.0,123.0,106.0,140.55,0.0,0.0,1.0
6547,LKB3,460,398.0,382.9,410.0,0.0,0.0,0.0,124.0,107.9,141.64999999999998,0.0,0.0,0.0
6547,Tbon2,460,399.0,384.45,409.0,0.0,0.0,0.0,126.0,105.35,149.0,0.0,0.0,0.0
6547,Tbon3,460,397.0,379.45,411.29999999999995,0.0,0.0,0.0,124.0,107.9,142.55,0.0,0.0,0.0
5500,ARD2c,460,399.0,382.35,412.0,0.0,0.0,0.0,125.0,106.9,142.64999999999998,0.0,0.0,0.0
5500,ARD3,460,398.0,384.0,415.0,0.0,0.0,0.0,125.0,106.9,145.1,0.0,0.0,0.0
5500,CJ,460,330.0,312.45,349.1,0.0,0.0,0.0,162.0,148.0,181.1,0.0,0.0,0.0
5500,CJ2,460,397.0,383.45,410.0,2.0,0.0,5.549999999999997,124.0,106.45,144.55,0.0,0.0,2.0
5500,CJ3,460,397.0,382.45000000000005,410.0,0.0,0.0,0.0,123.0,106.8,145.1,0.0,0.0,0.0
5500,FWC,460,398.0,386.45,409.54999999999995,0.0,0.0,0.0,125.0,107.80000000000001,143.64999999999998,0.0,0.0,0.0
5500,FWC2,460,398.0,385.45000000000005,414.0,0.0,0.0,0.0,125.0,107.0,141.55,0.0,0.0,0.0
5500,FWC3,460,398.0,382.45000000000005,409.0,0.0,0.0,1.0,124.0,110.44999999999999,142.0,0.0,0.0,0.0
5500,JLB,460,393.0,379.35,410.0,0.0,0.0,0.0,128.0,106.45,146.2,0.0,0.0,0.0
5500,JLB2c,460,397.0,385.35,410.54999999999995,0.0,0.0,1.0,124.0,107.0,144.55,0.0,0.0,0.0
5500,JLB3,460,398.0,382.0,410.54999999999995,0.0,0.0,0.0,125.0,108.44999999999999,142.2,0.0,0.0,0.0
5500,LKB,460,398.0,384.45,410.0,0.0,0.0,0.0,126.0,105.9,144.0,0.0,0.0,0.0
5500,LKB2,460,398.0,384.0,413.1,0.0,0.0,0.0,125.0,106.45,143.0,0.0,0.0,0.0
5500,LKB3,460,397.0,384.0,412.1,0.0,0.0,0.0,123.0,109.8,145.0,0.0,0.0,0.0
5500,Tbon2,460,396.0,379.79999999999995,410.0,0.0,0.0,0.0,125.0,107.80000000000001,141.0,0.0,0.0,0.0
5500,Tbon3,460,398.0,382.0,411.55,0.0,0.0,0.0,126.0,109.0,142.0,0.0,0.0,0.0
6730,ARD2c,460,397.0,382.45000000000005,408.0,0.0,0.0,0.0,124.0,110.9,141.55,0.0,0.0,0.0
6730,ARD3,460,396.0,384.9,411.55,0.0,0.0,0.0,123.0,105.9,140.0,0.0,0.0,0.0
6730,CJ,460,332.0,310.45,352.2,0.0,0.0,0.0,164.0,142.0,180.55,0.0,0.0,0.0
6730,CJ2,460,399.0,386.0,410.54999999999995,0.0,0.0,1.0,123.0,105.9,142.64999999999998,0.0,0.0,0.0
6730,CJ3,460,399.0,381.0,413.1,0.0,0.0,2.0,123.0,106.0,147.75,0.0,0.0,1.0
6730,FWC,460,399.0,382.0,414.54999999999995,0.0,0.0,0.0,125.0,106.9,146.1,0.0,0.0,0.0
6730,FWC2,460,398.0,383.0,414.0,0.0,0.0,0.0,124.0,110.0,145.0,0.0,0.0,0.0
6730,FWC3,460,398.0,383.45,411.1,0.0,0.0,0.0,124.0,107.0,140.55,0.0,0.0,0.0
6730,JLB,460,396.0,380.45000000000005,404.55,0.0,0.0,0.0,127.0,107.69999999999999,144.0,0.0,0.0,0.0
6730,JLB2c,460,399.0,386.0,413.0,0.0,0.0,0.0,125.0,106.0,147.75,0.0,0.0,0.0
6730,JLB3,460,398.0,384.45,412.55,0.0,0.0,1.0,125.0,103.45,141.55,0.0,0.0,0.0
6730,LKB,460,398.0,385.45000000000005,410.54999999999995,0.0,0.0,0.0,124.0,101.35,142.1,0.0,0.0,0.0
6730,LKB2,460,397.0,383.45,412.55,0.0,0.0,0.0,125.0,110.44999999999999,143.64999999999998,0.0,0.0,0.0
6730,LKB3,460,398.0,383.45,410.09999999999997,0.0,0.0,0.0,125.0,108.35,144.1,0.0,0.0,0.0
6730,Tbon2,460,398.0,380.0,412.65,0.0,0.0,1.0,125.0,108.35,143.55,0.0,0.0,0.0
6730,Tbon3,460,399.0,385.0,411.55,0.0,0.0,0.0,124.0,103.35,141.64999999999998,0.0,0.0,0.0
3572,ARD2c,460,398.0,384.45,409.54999999999995,0.0,0.0,2.0,123.0,107.45,141.55,0.0,0.0,1.0
3572,ARD3,460,397.0,383.35,411.55,0.0,0.0,1.0,125.0,106.0,137.55,0.0,0.0,0.0
3572,CJ,460,331.0,314.35,351.65,0.0,0.0,0.0,163.0,143.45,184.0,0.0,0.0,0.0
3572,CJ2,460,397.0,383.0,410.54999999999995,0.0,0.0,0.0,125.0,111.45,145.0,0.0,0.0,0.0
3572,CJ3,460,399.0,384.0,411.0,0.0,0.0,0.0,125.0,105.25,142.64999999999998,0.0,0.0,0.0
3572,FWC,460,399.0,386.45,410.54999999999995,3.0,0.0,7.0,122.0,106.0,138.0,0.0,0.0,2.0
3572,FWC2,460,396.0,382.45000000000005,407.1,0.0,0.0,1.0,122.0,104.35,141.2,0.0,0.0,0.0
3572,FWC3,460,398.0,384.0,410.54999999999995,0.0,0.0,0.0,126.0,109.0,144.0,0.0,0.0,0.0
3572,JLB,460,396.0,381.9,409.54999999999995,0.0,0.0,0.0,127.0,110.44999999999999,140.55,0.0,0.0,0.0
3572,JLB2c,460,398.0,386.0,413.65,0.0,0.0,0.0,125.0,106.0,142.0,0.0,0.0,0.0
3572,JLB3,460,399.0,385.0,411.55,0.0,0.0,0.0,127.0,105.0,144.1,0.0,0.0,0.0
3572,LKB,460,400.0,384.9,413.65,0.0,0.0,0.0,123.0,105.35,142.1,0.0,0.0,0.0
3572,LKB2,460,398.0,386.0,415.0,0.0,0.0,0.0,125.0,104.45,144.55,0.0,0.0,0.0
3572,LKB3,460,399.0,382.0,413.0,0.0,0.0,0.0,126.0,103.9,146.64999999999998,0.0,0.0,0.0
3572,Tbon2,460,397.0,386.0,410.54999999999995,0.0,0.0,0.0,124.0,108.0,144.2,0.0,0.0,0.0
3572,Tbon3,460,398.0,385.0,409.0,0.0,0.0,0.0,124.0,105.44999999999999,143.1,0.0,0.0,0.0
6665,ARD2c,460,397.0,382.0,410.54999999999995,0.0,0.0,0.0,125.0,104.25,144.0,0.0,0.0,0.0
6665,ARD3,460,397.0,382.0,411.0,0.0,0.0,0.0,124.0,104.9,143.64999999999998,0.0,0.0,0.0
6665,CJ,460,332.0,315.0,345.0,0.0,0.0,0.0,163.0,148.0,188.55,0.0,0.0,0.0
6665,CJ2,460,399.0,383.45,412.0,0.0,0.0,0.0,123.0,107.0,141.75,0.0,0.0,0.0
6665,CJ3,460,396.0,385.0,411.0,0.0,0.0,0.0,125.0,108.0,140.1,0.0,0.0,0.0
6665,FWC,460,397.0,380.0,411.55,1.0,0.0,2.0,126.0,113.0,144.55,0.0,0.0,1.0
6665,FWC2,460,398.0,384.9,411.55,0.0,0.0,0.0,126.0,110.44999999999999,143.0,0.0,0.0,0.0
6665,FWC3,460,399.0,387.45000000000005,411.55,0.0,0.0,1.0,125.0,108.44999999999999,142.2,0.0,0.0,0.0
6665,JLB,460,396.0,383.0,409.1,0.0,0.0,0.0,129.0,109.0,146.64999999999998,0.0,0.0,0.0
6665,JLB2c,460,397.0,385.45000000000005,410.54999999999995,0.0,0.0,1.0,124.0,106.45,145.0,0.0,0.0,0.5499999999999972
6665,JLB3,460,399.0,381.0,410.54999999999995,0.0,0.0,1.0,124.0,107.9,146.55,0.0,0.0,0.0
6665,LKB,460,398.0,383.45,412.2,0.0,0.0,0.0,123.0,105.9,142.0,0.0,0.0,0.0
6665,LKB2,460,398.0,384.0,411.0,0.0,0.0,0.0,126.0,101.9,145.55,0.0,0.0,0.0
6665,LKB3,460,398.0,382.45000000000005,409.0,0.0,0.0,0.0,125.0,107.45,143.55,0.0,0.0,0.0
6665,Tbon2,460,398.0,383.45,411.0,0.0,0.0,0.0,122.0,103.45,140.0,0.0,0.0,0.0
6665,Tbon3,460,396.0,383.45,408.0,0.0,0.0,1.0,124.0,110.44999999999999,142.0,0.0,0.0,0.0
7629,ARD2c,460,398.0,385.0,414.2,116.0,98.0,130.55,124.0,106.45,139.55,21.0,12.0,30.099999999999994
7629,ARD3,460,398.0,386.9,411.0,46.0,36.0,55.55,124.0,109.45,139.55,7.0,3.0,12.0
7629,CJ,460,330.0,314.9,351.55,0.0,0.0,0.0,163.0,145.0,185.0,0.0,0.0,0.0
7629,CJ2,460,398.0,382.9,410.0,0.0,0.0,0.5499999999999972,123.0,104.45,141.64999999999998,0.0,0.0,0.0
7629,CJ3,460,398.0,387.0,413.29999999999995,0.0,0.0,2.0,125.0,108.0,144.1,0.0,0.0,0.0
7629,FWC,460,399.0,383.0,410.54999999999995,76.0,62.0,92.0,124.0,105.0,143.1,13.0,6.45,18.549999999999997
7629,FWC2,460,397.0,386.0,412.0,9.0,4.0,15.0,126.0,107.0,142.55,1.0,0.0,3.0
7629,FWC3,460,400.0,385.9,411.0,17.0,11.0,25.0,126.0,108.0,145.0,2.0,0.0,6.0
7629,JLB,460,396.0,382.45000000000005,410.54999999999995,0.0,0.0,1.0,127.0,107.9,151.0,0.0,0.0,0.5499999999999972
7629,JLB2c,460,399.0,383.45,411.55,4.0,0.4500000000000002,7.549999999999997,125.0,108.25,143.1,0.0,0.0,2.0
7629,JLB3,460,397.0,383.45,411.0,0.0,0.0,2.0,126.0,113.44999999999999,144.55,0.0,0.0,1.0
7629,LKB,460,397.0,379.79999999999995,410.54999999999995,43.0,33.45,55.64999999999999,124.0,109.45,140.29999999999998,6.0,3.0,11.099999999999994
7629,LKB2,460,399.0,381.9,413.1,69.0,52.0,86.1,124.0,105.0,141.64999999999998,11.0,5.45,18.549999999999997
7629,LKB3,460,399.0,385.45000000000005,410.0,48.0,35.45,61.0,127.0,105.44999999999999,140.55,7.0,3.0,13.549999999999997
7629,Tbon2,460,398.0,382.45000000000005,408.0,1.0,0.0,4.0,125.0,106.45,140.1,0.0,0.0,1.0
7629,Tbon3,460,399.0,386.45,412.55,9.0,4.45,15.0,126.0,107.45,141.1,1.0,0.0,4.0
7471,ARD2c,460,398.0,384.45,410.0,1.0,0.0,3.0,125.0,105.9,144.55,0.0,0.0,1.0
7471,ARD3,460,399.0,383.45,413.0,91.0,73.9,110.1,124.0,107.45,144.64999999999998,15.0,9.0,22.549999999999997
7471,CJ,460,331.0,311.8,349.0,16.0,8.0,24.549999999999997,165.0,145.0,186.75,4.0,1.0,8.549999999999997
7471,CJ2,460,397.0,385.9,410.0,33.0,25.0,45.0,125.0,106.0,141.0,5.0,1.4500000000000002,9.0
7471,CJ3,460,398.0,383.35,410.0,5.0,2.0,11.549999999999997,124.0,105.25,142.55,1.0,0.0,2.0
7471,FWC,460,399.0,382.45000000000005,411.55,22.0,13.0,31.099999999999994,124.0,110.0,143.0,3.0,0.0,7.0
7471,FWC2,460,397.0,386.0,411.1,17.0,9.0,25.0,125.0,104.9,143.55,2.0,0.0,5.549999999999997
7471,FWC3,460,398.0,383.45,409.0,56.0,44.45,69.55,123.0,107.9,140.1,8.0,3.9000000000000004,15.0
7471,JLB,460,396.0,382.45000000000005,408.55,41.0,29.450000000000003,50.0,126.0,105.44999999999999,150.1,6.0,2.0,11.549999999999997
7471,JLB2c,460,399.0,385.0,409.0,71.0,57.45,82.0,125.0,107.9,144.55,12.0,5.45,19.099999999999994
7471,JLB3,460,399.0,383.0,410.0,33.0,24.0,47.099999999999994,125.0,106.35,143.55,5.0,2.0,9.0
7471,LKB,460,398.0,381.45,409.54999999999995,40.0,30.45,52.55,125.0,107.0,139.55,6.0,2.0,10.549999999999997
7471,LKB2,460,397.0,380.9,411.55,32.0,22.0,45.0,125.0,107.25,141.55,4.0,1.0,10.0
7471,LKB3,460,398.0,385.45000000000005,413.65,74.0,57.0,88.55,125.0,109.0,143.0,11.0,6.0,20.0
7471,Tbon2,460,397.0,385.45000000000005,413.1,39.0,27.0,50.0,125.0,103.45,143.0,5.0,1.0,9.549999999999997
7471,Tbon3,460,398.0,383.35,411.0,33.0,24.0,44.55,123.0,104.25,144.64999999999998,5.0,1.0,9.099999999999994
4667,ARD2c,460,396.0,383.25,410.54999999999995,0.0,0.0,0.0,125.0,109.9,143.0,0.0,0.0,0.0
4667,ARD3,460,397.0,383.9,411.0,0.0,0.0,1.0,125.0,108.0,145.0,0.0,0.0,1.0
4667,CJ,460,330.0,311.0,349.54999999999995,2.0,1.0,6.549999999999997,164.0,144.8,180.1,1.0,0.0,3.0
4667,CJ2,460,397.0,383.9,412.0,6.0,1.4500000000000002,9.549999999999997,125.0,105.9,141.55,0.0,0.0,3.0
4667,CJ3,460,396.0,384.0,410.0,3.0,0.0,6.0,123.0,106.0,145.0,0.0,0.0,1.0
4667,FWC,460,399.0,387.0,412.55,0.0,0.0,2.0,126.0,105.44999999999999,143.55,0.0,0.0,0.0
4667,FWC2,460,397.0,385.0,410.09999999999997,1.0,0.0,3.549999999999997,125.0,103.35,143.55,0.0,0.0,1.0
4667,FWC3,460,397.0,380.9,410.54999999999995,3.0,0.0,6.549999999999997,123.0,105.44999999999999,144.0,0.0,0.0,2.0
4667,JLB,460,396.0,383.45,410.0,5.0,1.0,9.549999999999997,129.0,108.44999999999999,142.1,1.0,0.0,2.549999999999997
4667,JLB2c,460,399.0,381.0,410.09999999999997,0.0,0.0,0.0,123.0,107.45,143.1,0.0,0.0,0.0
4667,JLB3,460,398.0,383.9,412.0,5.0,1.4500000000000002,9.549999999999997,124.0,106.35,141.1,0.0,0.0,2.0
4667,LKB,460,397.0,382.45000000000005,409.0,0.0,0.0,0.0,125.0,107.35,142.64999999999998,0.0,0.0,0.0
4667,LKB2,460,399.0,381.8,412.0,0.0,0.0,0.0,127.0,109.45,142.1,0.0,0.0,0.0
4667,LKB3,460,396.0,384.0,410.54999999999995,0.0,0.0,0.5499999999999972,124.0,111.45,143.64999999999998,0.0,0.0,0.0
4667,Tbon2,460,398.0,388.0,413.2,5.0,1.0,9.549999999999997,125.0,111.45,139.55,0.0,0.0,2.0
4667,Tbon3,460,399.0,383.0,411.0,3.0,0.0,6.0,123.0,102.0,141.2,0.0,0.0,1.0
4672,ARD2c,460,397.0,386.0,410.09999999999997,0.0,0.0,0.0,124.0,105.9,139.55,0.0,0.0,0.0
4672,ARD3,460,398.0,380.0,410.09999999999997,0.0,0.0,0.0,123.0,109.0,141.55,0.0,0.0,0.0
4672,CJ,460,331.0,309.9,344.1,2.0,0.0,4.549999999999997,163.0,141.0,186.59999999999997,0.0,0.0,2.0
4672,CJ2,460,398.0,386.45,411.55,2.0,0.0,5.0,125.0,105.0,141.55,0.0,0.0,1.5499999999999972
4672,CJ3,460,398.0,381.9,413.0,6.0,2.0,11.549999999999997,124.0,104.0,142.64999999999998,1.0,0.0,3.0
4672,FWC,460,397.0,385.0,410.0,0.0,0.0,1.0,124.0,107.45,145.2,0.0,0.0,0.0
4672,FWC2,460,398.0,386.9,413.54999999999995,3.0,0.0,7.0,126.0,108.0,143.1,0.0,0.0,2.0
4672,FWC3,460,398.0,383.0,408.0,3.0,0.4500000000000002,8.0,126.0,111.45,145.0,0.0,0.0,3.0
4672,JLB,460,396.0,382.0,409.54999999999995,1.0,0.0,4.0,126.0,107.69999999999999,146.55,0.0,0.0,1.0
4672,JLB2c,460,399.0,386.45,411.0,0.0,0.0,1.0,126.0,105.9,141.0,0.0,0.0,0.0
4672,JLB3,460,396.0,384.0,408.1,0.0,0.0,0.0,122.0,106.45,143.2,0.0,0.0,0.0
4672,LKB,460,397.0,381.9,413.54999999999995,0.0,0.0,0.0,123.0,107.0,144.55,0.0,0.0,0.0
4672,LKB2,460,398.0,382.0,411.55,0.0,0.0,1.0,128.0,109.0,139.0,0.0,0.0,0.0
4672,LKB3,460,399.0,384.9,412.1,0.0,0.0,0.0,127.0,110.44999999999999,145.64999999999998,0.0,0.0,0.0
4672,Tbon2,460,397.0,381.45,410.0,0.0,0.0,2.0,123.0,106.45,140.0,0.0,0.0,1.0
4672,Tbon3,460,398.0,383.45,410.54999999999995,2.0,0.0,6.0,125.0,107.9,141.55,0.0,0.0,2.0
1106,ARD2c,460,398.0,386.35,411.75,0.0,0.0,0.0,124.0,110.0,145.64999999999998,0.0,0.0,0.0
1106,ARD3,460,399.0,383.45,410.54999999999995,0.0,0.0,1.0,125.0,108.44999999999999,141.55,0.0,0.0,0.0
1106,CJ,460,330.0,312.0,346.54999999999995,2.0,0.0,5.0,163.0,147.45,179.0,0.0,0.0,3.0
1106,CJ2,460,396.0,384.45,411.55,4.0,1.0,10.0,126.0,105.9,146.55,0.0,0.0,2.0
1106,CJ3,460,397.0,385.0,411.55,1.0,0.0,4.0,125.0,111.45,140.55,0.0,0.0,1.0
1106,FWC,460,400.0,384.45,412.55,0.0,0.0,3.0,124.0,109.0,146.0,0.0,0.0,1.0
1106,FWC2,460,397.0,380.0,409.0,5.0,2.0,10.549999999999997,128.0,107.45,145.55,1.0,0.0,2.549999999999997
1106,FWC3,460,398.0,383.0,410.54999999999995,3.0,0.0,7.0,125.0,105.0,141.1,0.0,0.0,2.0
1106,JLB,460,395.0,380.0,413.54999999999995,1.0,0.0,3.549999999999997,127.0,111.0,143.55,0.0,0.0,1.0
1106,JLB2c,460,399.0,384.45,410.0,0.0,0.0,2.0,124.0,109.0,143.0,0.0,0.0,1.0
1106,JLB3,460,397.0,382.9,412.0,2.0,0.0,6.0,125.0,104.0,142.55,0.0,0.0,2.0
1106,LKB,460,397.0,383.45,412.0,0.0,0.0,0.0,123.0,107.45,143.1,0.0,0.0,0.0
1106,LKB2,460,398.0,381.9,410.54999999999995,0.0,0.0,0.0,122.0,107.0,141.55,0.0,0.0,0.0
1106,LKB3,460,398.0,382.9,415.1,0.0,0.0,0.0,126.0,107.0,145.55,0.0,0.0,0.0
1106,Tbon2,460,398.0,384.45,412.1,1.0,0.0,3.0,124.0,108.9,140.55,0.0,0.0,1.0
1106,Tbon3,460,398.0,384.45,410.0,2.0,0.0,4.549999999999997,123.0,103.45,144.2,0.0,0.0,1.0
5222,ARD2c,460,398.0,387.0,412.55,0.0,0.0,0.0,124.0,107.0,143.55,0.0,0.0,0.0
5222,ARD3,460,398.0,382.0,411.55,0.0,0.0,0.0,124.0,112.45,140.64999999999998,0.0,0.0,0.0
5222,CJ,460,332.0,313.45000000000005,351.65,0.0,0.0,2.0,163.0,142.8,182.55,0.0,0.0,1.0
5222,CJ2,460,399.0,381.9,409.54999999999995,0.0,0.0,2.0,123.0,107.35,143.55,0.0,0.0,1.0
5222,CJ3,460,398.0,380.8,411.0,1.0,0.0,2.0,124.0,104.45,141.0,0.0,0.0,1.0
5222,FWC,460,399.0,384.45,413.0,0.0,0.0,0.0,123.0,105.35,143.64999999999998,0.0,0.0,0.0
5222,FWC2,460,398.0,380.9,407.0,5.0,1.0,9.549999999999997,125.0,106.0,145.0,1.0,0.0,2.0
5222,FWC3,460,396.0,381.9,412.65,1.0,0.0,2.0,125.0,107.25,143.1,0.0,0.0,0.5499999999999972
5222,JLB,460,394.0,379.35,409.1,0.0,0.0,1.0,125.0,109.9,144.0,0.0,0.0,0.0
5222,JLB2c,460,396.0,382.35,412.55,0.0,0.0,0.0,123.0,106.35,144.1,0.0,0.0,0.0
5222,JLB3,460,397.0,383.45,414.0,0.0,0.0,0.0,124.0,107.35,144.55,0.0,0.0,0.0
5222,LKB,460,398.0,383.45,412.0,0.0,0.0,0.0,125.0,104.45,141.0,0.0,0.0,0.0
5222,LKB2,460,398.0,386.0,414.0,0.0,0.0,0.0,126.0,107.0,146.0,0.0,0.0,0.0
5222,LKB3,460,398.0,383.45,411.0,0.0,0.0,0.0,122.0,104.45,142.55,0.0,0.0,0.0
5222,Tbon2,460,398.0,384.0,413.0,0.0,0.0,1.0,124.0,107.9,144.55,0.0,0.0,0.0
5222,Tbon3,460,399.0,385.45000000000005,412.0,0.0,0.0,3.0,125.0,108.0,144.55,0.0,0.0,1.0
5297,ARD2c,460,398.0,385.0,411.0,0.0,0.0,0.0,123.0,105.9,146.0,0.0,0.0,0.0
5297,ARD3,460,397.0,384.0,411.0,0.0,0.0,0.0,124.0,103.0,145.64999999999998,0.0,0.0,0.0
5297,CJ,460,332.0,314.0,349.54999999999995,2.0,0.0,6.0,165.0,145.45,181.64999999999998,1.0,0.0,2.0
5297,CJ2,460,398.0,381.45,414.54999999999995,2.0,0.0,5.0,125.0,104.45,143.2,0.0,0.0,1.0
5297,CJ3,460,398.0,382.45000000000005,410.0,5.0,2.0,11.0,124.0,106.45,142.55,1.0,0.0,3.549999999999997
5297,FWC,460,398.0,386.0,410.0,0.0,0.0,0.0,125.0,104.0,145.55,0.0,0.0,0.0
5297,FWC2,460,397.0,382.9,408.55,0.0,0.0,0.0,123.0,108.44999999999999,138.55,0.0,0.0,0.0
5297,FWC3,460,399.0,382.45000000000005,409.0,2.0,0.0,5.549999999999997,125.0,106.8,144.55,0.0,0.0,1.0
5297,JLB,460,396.0,381.45,408.0,0.0,0.0,0.0,128.0,113.0,144.55,0.0,0.0,0.0
5297,JLB2c,460,400.0,384.9,411.0,0.0,0.0,0.0,121.0,107.0,144.55,0.0,0.0,0.0
5297,JLB3,460,397.0,384.9,413.54999999999995,0.0,0.0,0.0,123.0,103.9,140.75,0.0,0.0,0.0
5297,LKB,460,398.0,385.0,413.0,0.0,0.0,0.0,122.0,108.44999999999999,147.2,0.0,0.0,0.0
5297,LKB2,460,397.0,385.0,411.55,0.0,0.0,0.0,125.0,103.35,142.0,0.0,0.0,0.0
5297,LKB3,460,399.0,385.9,409.54999999999995,0.0,0.0,0.0,125.0,107.9,142.64999999999998,0.0,0.0,0.0
5297,Tbon2,460,397.0,384.0,409.54999999999995,1.0,0.0,3.0,124.0,108.44999999999999,143.64999999999998,0.0,0.0,1.0
5297,Tbon3,460,397.0,386.45,411.1,1.0,0.0,4.0,123.0,105.35,139.55,0.0,0.0,1.0
1291,ARD2c,460,399.0,377.45000000000005,410.0,1.0,0.0,3.549999999999997,124.0,108.0,143.2,0.0,0.0,1.0
1291,ARD3,460,398.0,383.0,411.0,0.0,0.0,0.0,124.0,103.35,140.55,0.0,0.0,0.0
1291,CJ,460,329.0,311.0,349.1,0.0,0.0,0.0,161.0,142.9,182.0,0.0,0.0,0.0
1291,CJ2,460,398.0,383.45,411.0,0.0,0.0,0.0,125.0,104.45,140.0,0.0,0.0,0.0
1291,CJ3,460,398.0,385.0,411.1,0.0,0.0,0.0,123.0,105.0,141.1,0.0,0.0,0.0
1291,FWC,460,397.0,381.9,409.0,1.0,0.0,4.0,123.0,106.45,142.2,0.0,0.0,1.0
1291,FWC2,460,398.0,381.0,408.55,0.0,0.0,1.0,127.0,105.44999999999999,142.55,0.0,0.0,0.5499999999999972
1291,FWC3,460,399.0,386.0,411.55,0.0,0.0,0.0,123.0,103.0,144.0,0.0,0.0,0.0
1291,JLB,460,395.0,381.8,407.55,0.0,0.0,0.0,127.0,108.44999999999999,143.1,0.0,0.0,0.0
1291,JLB2c,460,396.0,385.45000000000005,409.54999999999995,0.0,0.0,0.0,124.0,106.0,139.1,0.0,0.0,0.0
1291,JLB3,460,396.0,382.45000000000005,409.0,0.0,0.0,0.0,125.0,104.0,142.55,0.0,0.0,0.0
1291,LKB,460,398.0,382.45000000000005,414.09999999999997,0.0,0.0,0.0,123.0,109.45,141.64999999999998,0.0,0.0,0.0
1291,LKB2,460,397.0,382.9,409.0,0.0,0.0,0.0,125.0,104.0,142.55,0.0,0.0,0.0
1291,LKB3,460,397.0,384.0,409.0,1.0,0.0,3.549999999999997,124.0,108.25,144.55,0.0,0.0,1.0
1291,Tbon2,460,396.0,385.45000000000005,410.0,0.0,0.0,0.0,123.0,103.0,141.55,0.0,0.0,0.0
1291,Tbon3,460,397.0,381.45,410.09999999999997,0.0,0.0,0.0,124.0,102.9,139.0,0.0,0.0,0.0
7249,ARD2c,460,399.0,382.45000000000005,413.54999999999995,5.0,2.0,10.099999999999994,122.0,106.9,139.55,1.0,0.0,3.549999999999997
7249,ARD3,460,398.0,381.45,412.2,0.0,0.0,1.0,126.0,106.45,143.64999999999998,0.0,0.0,0.0
7249,CJ,460,331.0,310.79999999999995,349.54999999999995,0.0,0.0,0.0,163.0,144.45,186.1,0.0,0.0,0.0
7249,CJ2,460,399.0,381.9,411.55,0.0,0.0,0.0,127.0,109.45,144.0,0.0,0.0,0.0
7249,CJ3,460,399.0,384.9,412.1,0.0,0.0,0.0,124.0,108.0,144.55,0.0,0.0,0.0
7249,FWC,460,398.0,383.45,413.0,2.0,0.0,5.0,123.0,110.44999999999999,144.0,0.0,0.0,2.0
7249,FWC2,460,397.0,381.9,412.0,0.0,0.0,0.0,127.0,109.45,141.55,0.0,0.0,0.0
7249,FWC3,460,399.0,387.45000000000005,413.54999999999995,0.0,0.0,1.0,125.0,109.45,139.55,0.0,0.0,1.0
7249,JLB,460,396.0,382.0,412.2,0.0,0.0,0.0,126.0,109.9,145.0,0.0,0.0,0.0
7249,JLB2c,460,397.0,385.0,414.09999999999997,0.0,0.0,1.0,123.0,108.0,138.1,0.0,0.0,0.0
7249,JLB3,460,398.0,381.9,409.0,0.0,0.0,0.0,127.0,105.35,141.55,0.0,0.0,0.0
7249,LKB,460,397.0,385.0,412.0,2.0,0.0,4.0,124.0,107.45,144.1,0.0,0.0,1.5499999999999972
7249,LKB2,460,398.0,383.0,412.1,2.0,0.0,5.0,125.0,109.9,139.55,0.0,0.0,1.0
7249,LKB3,460,399.0,383.9,411.1,3.0,1.0,6.0,124.0,106.9,147.55,0.0,0.0,2.0
7249,Tbon2,460,398.0,385.9,411.55,0.0,0.0,1.0,124.0,105.44999999999999,142.1,0.0,0.0,0.0
7249,Tbon3,460,398.0,382.9,411.0,0.0,0.0,1.0,124.0,104.0,140.55,0.0,0.0,0.0
2816,ARD2c,460,398.0,384.45,413.0,0.0,0.0,1.0,122.0,106.45,141.2,0.0,0.0,0.0
2816,ARD3,460,396.0,380.0,412.0,0.0,0.0,2.0,122.0,105.9,137.1,0.0,0.0,1.0
2816,CJ,460,329.0,311.9,350.54999999999995,0.0,0.0,0.0,163.0,146.0,185.55,0.0,0.0,0.0
2816,CJ2,460,398.0,381.35,410.54999999999995,0.0,0.0,0.0,125.0,106.35,142.55,0.0,0.0,0.0
2816,CJ3,460,398.0,387.0,413.1,0.0,0.0,0.0,124.0,104.45,145.0,0.0,0.0,0.0
2816,FWC,460,398.0,382.35,414.0,0.0,0.0,1.0,127.0,105.80000000000001,141.0,0.0,0.0,0.0
2816,FWC2,460,398.0,387.0,410.0,0.0,0.0,0.0,123.0,102.6,146.0,0.0,0.0,0.0
2816,FWC3,460,398.0,382.45000000000005,411.55,0.0,0.0,2.0,124.0,109.8,140.1,0.0,0.0,1.0
2816,JLB,460,395.0,379.45,408.55,0.0,0.0,0.0,124.0,110.0,144.55,0.0,0.0,0.0
2816,JLB2c,460,399.0,385.0,411.55,0.0,0.0,2.549999999999997,126.0,106.45,140.55,0.0,0.0,1.0
2816,JLB3,460,398.0,384.0,413.54999999999995,0.0,0.0,0.0,123.0,105.80000000000001,142.55,0.0,0.0,0.0
2816,LKB,460,398.0,381.45,409.54999999999995,1.0,0.0,3.0,122.0,105.44999999999999,137.0,0.0,0.0,1.0
2816,LKB2,460,399.0,386.0,411.55,1.0,0.0,2.0,124.0,107.0,141.0,0.0,0.0,1.0
2816,LKB3,460,399.0,386.0,411.0,0.0,0.0,0.0,125.0,108.44999999999999,143.55,0.0,0.0,0.0
2816,Tbon2,460,399.0,383.45,410.65,0.0,0.0,0.5499999999999972,124.0,107.45,139.2,0.0,0.0,0.0
2816,Tbon3,460,398.0,386.9,412.0,0.0,0.0,0.0,126.0,105.80000000000001,145.55,0.0,0.0,0.0
2736,ARD2c,460,399.0,386.45,410.54999999999995,0.0,0.0,0.0,124.0,107.45,144.55,0.0,0.0,0.0
2736,ARD3,460,399.0,382.0,410.54999999999995,1.0,0.0,3.0,123.0,110.44999999999999,139.55,0.0,0.0,1.0
2736,CJ,460,330.0,311.45000000000005,345.0,0.0,0.0,0.0,165.0,145.89999999999998,187.1,0.0,0.0,0.0
2736,CJ2,460,398.0,382.9,411.55,0.0,0.0,0.0,122.0,106.45,140.0,0.0,0.0,0.0
2736,CJ3,460,398.0,386.45,412.0,0.0,0.0,0.0,127.0,107.45,140.55,0.0,0.0,0.0
2736,FWC,460,397.0,386.0,409.54999999999995,0.0,0.0,0.0,125.0,101.9,143.55,0.0,0.0,0.0
2736,FWC2,460,397.0,383.45,409.0,0.0,0.0,0.0,123.0,103.0,143.0,0.0,0.0,0.0
2736,FWC3,460,397.0,382.45000000000005,409.0,0.0,0.0,0.0,124.0,106.0,139.64999999999998,0.0,0.0,0.0
2736,JLB,460,396.0,384.45,411.55,17.0,10.45,25.0,127.0,111.45,147.55,2.0,0.0,5.0
2736,JLB2c,460,397.0,383.45,410.54999999999995,0.0,0.0,0.0,122.0,104.45,139.55,0.0,0.0,0.0
2736,JLB3,460,398.0,386.45,413.54999999999995,6.0,1.0,10.0,127.0,106.0,142.1,1.0,0.0,3.0
2736,LKB,460,399.0,385.8,413.0,0.0,0.0,0.0,124.0,110.0,146.0,0.0,0.0,0.0
2736,LKB2,460,399.0,387.0,410.0,0.0,0.0,1.0,125.0,109.0,140.0,0.0,0.0,0.0
2736,LKB3,460,399.0,387.9,412.2,0.0,0.0,0.5499999999999972,125.0,109.8,142.1,0.0,0.0,0.0
2736,Tbon2,460,398.0,385.0,412.55,0.0,0.0,0.0,126.0,105.25,142.1,0.0,0.0,0.0
2736,Tbon3,460,396.0,383.9,411.0,0.0,0.0,0.0,124.0,102.44999999999999,144.1,0.0,0.0,0.0
5447,ARD2c,460,399.0,387.0,409.1,2.0,0.0,5.549999999999997,125.0,110.44999999999999,148.0,0.0,0.0,2.0
5447,ARD3,460,399.0,384.0,410.0,1.0,0.0,3.0,125.0,101.45,143.0,0.0,0.0,1.0
5447,CJ,460,329.0,313.45000000000005,350.2,0.0,0.0,0.0,162.0,141.8,185.1,0.0,0.0,0.0
5447,CJ2,460,399.0,383.45,411.55,0.0,0.0,0.5499999999999972,125.0,107.45,142.0,0.0,0.0,0.0
5447,CJ3,460,398.0,385.45000000000005,412.55,0.0,0.0,0.0,124.0,103.9,147.55,0.0,0.0,0.0
5447,FWC,460,399.0,383.8,412.0,1.0,0.0,3.0,123.0,106.45,143.0,0.0,0.0,1.0
5447,FWC2,460,397.0,382.35,408.0,0.0,0.0,1.0,123.0,106.45,143.0,0.0,0.0,0.0
5447,FWC3,460,398.0,382.45000000000005,410.54999999999995,0.0,0.0,1.5499999999999972,124.0,106.45,137.64999999999998,0.0,0.0,1.0
5447,JLB,460,396.0,383.45,410.65,0.0,0.0,0.0,128.0,112.0,145.0,0.0,0.0,0.0
5447,JLB2c,460,398.0,383.35,411.1,0.0,0.0,1.5499999999999972,125.0,107.45,142.55,0.0,0.0,1.0
5447,JLB3,460,399.0,381.0,409.54999999999995,1.0,0.0,2.0,121.0,105.44999999999999,147.1,0.0,0.0,1.0
5447,LKB,460,399.0,382.45000000000005,411.55,0.0,0.0,2.549999999999997,125.0,105.0,142.0,0.0,0.0,1.0
5447,LKB2,460,398.0,383.35,409.54999999999995,2.0,0.0,4.549999999999997,124.0,109.0,146.1,0.0,0.0,1.0
5447,LKB3,460,397.0,384.0,409.0,0.0,0.0,3.0,124.0,110.44999999999999,143.1,0.0,0.0,1.0
5447,Tbon2,460,398.0,385.0,411.55,0.0,0.0,1.0,125.0,107.9,141.55,0.0,0.0,0.0
5447,Tbon3,460,398.0,381.8,410.09999999999997,0.0,0.0,1.0,124.0,111.45,148.55,0.0,0.0,0.0
4212,ARD2c,460,397.0,384.0,410.54999999999995,0.0,0.0,0.0,123.0,108.44999999999999,141.55,0.0,0.0,0.0
4212,ARD3,460,398.0,385.9,412.0,0.0,0.0,0.0,124.0,109.45,140.64999999999998,0.0,0.0,0.0
4212,CJ,460,330.0,311.9,348.75,0.0,0.0,0.0,162.0,144.45,183.1,0.0,0.0,0.0
4212,CJ2,460,399.0,384.9,411.55,0.0,0.0,0.0,125.0,107.35,145.2,0.0,0.0,0.0
4212,CJ3,460,400.0,385.0,409.54999999999995,0.0,0.0,0.0,125.0,110.44999999999999,146.75,0.0,0.0,0.0
4212,FWC,460,398.0,386.45,410.0,0.0,0.0,0.0,124.0,108.44999999999999,142.1,0.0,0.0,0.0
4212,FWC2,460,398.0,384.45,410.0,0.0,0.0,0.0,124.0,106.0,144.0,0.0,0.0,0.0
4212,FWC3,460,398.0,388.0,410.0,0.0,0.0,0.0,123.0,106.9,142.1,0.0,0.0,0.0
4212,JLB,460,392.0,379.45,406.0,0.0,0.0,2.0,127.0,110.0,147.0,0.0,0.0,1.0
4212,JLB2c,460,397.0,382.0,411.55,0.0,0.0,0.0,123.0,105.9,140.55,0.0,0.0,0.0
4212,JLB3,460,398.0,388.0,413.0,2.0,0.0,7.549999999999997,124.0,103.45,142.75,0.0,0.0,1.5499999999999972
4212,LKB,460,398.0,382.45000000000005,411.55,0.0,0.0,0.0,125.0,111.45,147.39999999999998,0.0,0.0,0.0
4212,LKB2,460,398.0,380.45000000000005,415.55,0.0,0.0,0.0,125.0,109.0,140.0,0.0,0.0,0.0
4212,LKB3,460,399.0,380.9,411.55,0.0,0.0,0.0,123.0,106.0,141.0,0.0,0.0,0.0
4212,Tbon2,460,397.0,384.45,409.54999999999995,0.0,0.0,0.0,125.0,105.35,140.0,0.0,0.0,0.0
4212,Tbon3,460,399.0,381.9,414.0,0.0,0.0,0.0,123.0,105.35,139.0,0.0,0.0,0.0
3242,ARD2c,460,399.0,386.0,412.0,0.0,0.0,0.0,125.0,107.9,146.75,0.0,0.0,0.0
3242,ARD3,460,399.0,385.45000000000005,411.0,0.0,0.0,0.0,126.0,104.45,141.0,0.0,0.0,0.0
3242,CJ,460,331.0,312.45,346.54999999999995,0.0,0.0,0.0,161.0,144.9,178.55,0.0,0.0,0.0
3242,CJ2,460,396.0,384.35,414.85,0.0,0.0,1.0,126.0,108.44999999999999,143.55,0.0,0.0,0.0
3242,CJ3,460,397.0,384.45,412.0,0.0,0.0,0.0,126.0,103.45,140.55,0.0,0.0,0.0
3242,FWC,460,398.0,380.45000000000005,413.1,0.0,0.0,2.0,124.0,108.0,136.0,0.0,0.0,0.5499999999999972
3242,FWC2,460,397.0,386.45,412.1,0.0,0.0,0.0,124.0,111.0,139.55,0.0,0.0,0.0
3242,FWC3,460,399.0,385.0,412.0,0.0,0.0,1.0,124.0,109.45,143.55,0.0,0.0,0.0
3242,JLB,460,396.0,380.45000000000005,407.55,0.0,0.0,0.0,128.0,106.9,145.55,0.0,0.0,0.0
3242,JLB2c,460,398.0,381.45,411.0,1.0,0.0,3.549999999999997,124.0,107.9,145.55,0.0,0.0,1.0
3242,JLB3,460,398.0,383.45,409.0,1.0,0.0,4.0,126.0,110.0,145.95,0.0,0.0,1.0
3242,LKB,460,397.0,384.45,409.0,0.0,0.0,0.0,125.0,109.0,145.64999999999998,0.0,0.0,0.0
3242,LKB2,460,398.0,382.45000000000005,411.55,0.0,0.0,0.0,122.0,106.0,143.0,0.0,0.0,0.0
3242,LKB3,460,398.0,384.45,412.0,0.0,0.0,1.0,125.0,107.0,148.0,0.0,0.0,0.0
3242,Tbon2,460,398.0,384.9,415.55,0.0,0.0,1.0,124.0,102.9,145.2,0.0,0.0,0.0
3242,Tbon3,460,397.0,381.45,411.1,0.0,0.0,1.0,123.0,107.35,142.1,0.0,0.0,0.0
1755,ARD2c,460,398.0,385.0,412.0,0.0,0.0,1.0,125.0,105.0,144.1,0.0,0.0,0.5499999999999972
1755,ARD3,460,399.0,384.0,412.0,0.0,0.0,1.5499999999999972,125.0,104.9,141.55,0.0,0.0,0.0
1755,CJ,460,331.0,310.35,348.0,0.0,0.0,0.5499999999999972,165.0,145.45,185.64999999999998,0.0,0.0,0.0
1755,CJ2,460,396.0,384.0,410.54999999999995,0.0,0.0,2.0,124.0,103.35,146.2,0.0,0.0,1.0
1755,CJ3,460,399.0,386.0,412.0,0.0,0.0,1.0,125.0,105.44999999999999,141.0,0.0,0.0,0.0
1755,FWC,460,398.0,382.9,411.0,2.0,0.0,4.549999999999997,125.0,109.45,143.1,0.0,0.0,2.0
1755,FWC2,460,398.0,384.79999999999995,411.1,0.0,0.0,1.0,127.0,106.0,140.55,0.0,0.0,0.0
1755,FWC3,460,399.0,381.9,414.09999999999997,1.0,0.0,2.0,125.0,100.7,140.55,0.0,0.0,1.0
1755,JLB,460,396.0,380.0,408.65,0.0,0.0,0.0,126.0,110.0,146.55,0.0,0.0,0.0
1755,JLB2c,460,399.0,381.45,410.0,2.0,0.0,4.549999999999997,124.0,104.45,139.55,0.0,0.0,1.0
1755,JLB3,460,398.0,385.45000000000005,412.55,0.0,0.0,2.0,126.0,110.0,141.55,0.0,0.0,0.5499999999999972
1755,LKB,460,399.0,383.45,416.1,1.0,0.0,4.0,124.0,106.9,141.55,0.0,0.0,1.0
1755,LKB2,460,397.0,383.0,408.1,1.0,0.0,3.549999999999997,125.0,108.0,143.0,0.0,0.0,1.0
1755,LKB3,460,397.0,384.9,409.54999999999995,1.0,0.0,4.0,122.0,104.0,141.55,0.0,0.0,1.5499999999999972
1755,Tbon2,460,397.0,381.8,414.54999999999995,0.0,0.0,2.0,126.0,105.0,140.75,0.0,0.0,1.0
1755,Tbon3,460,397.0,383.0,409.0,1.0,0.0,3.0,123.0,107.9,144.55,0.0,0.0,1.0
