ID,Site,cell_counts_per_ml,rel_abund,num_wells_inoculated,num_isolates,cells_per_well
2995,ARD2c,1640000,0.014010714,460,0,2
2995,ARD3,9520000,0.001163596,460,0,2
2995,CJ,8920000,0,460,0,1.27
2995,CJ2,7730000,0.00E+00,460,0,2
2995,CJ3,2720000,0,460,0,2
2995,FWC,6303128.794,4.65E-03,460,0,2
2995,FWC2,610000,0,460,0,2
2995,FWC3,25500000,0.0000555,460,0,2
2995,JLB,11000000,0,460,0,1.96
2995,JLB2c,3925000,3.42E-03,460,0,2
2995,JLB3,14454000,0.000348321,460,0,2
2995,LKB,11700000,0.0000558,460,0,2
2995,LKB2,10508460,0.00E+00,460,0,2
2995,LKB3,25500000,0.003776938,460,1,2
2995,Tbon2,28600000,0.00E+00,460,0,2
2995,Tbon3,18200000,0.00E+00,460,0,2
2914,ARD2c,1640000,0,460,0,2
2914,ARD3,9520000,0.000138523,460,0,2
2914,CJ,8920000,0.002558185,460,0,1.27
2914,CJ2,7730000,0.001353102,460,3,2
2914,CJ3,2720000,0.000310699,460,1,2
2914,FWC,6303128.794,0.001289703,460,1,2
2914,FWC2,610000,0.000159068,460,1,2
2914,FWC3,25500000,0.000305013,460,0,2
2914,JLB,11000000,0.000849209,460,2,1.96
2914,JLB2c,3925000,0.000701833,460,0,2
2914,JLB3,14454000,0.012655656,460,0,2
2914,LKB,11700000,5.58E-05,460,0,2
2914,LKB2,10508460,0,460,0,2
2914,LKB3,25500000,0.000527661,460,0,2
2914,Tbon2,28600000,0.000449969,460,0,2
2914,Tbon3,18200000,0.002540693,460,3,2
1000,ARD2c,1640000,0.000264908,460,0,2
1000,ARD3,9520000,0.002244078,460,0,2
1000,CJ,8920000,0.000861997,460,0,1.27
1000,CJ2,7730000,0.003224413,460,0,2
1000,CJ3,2720000,0.000988589,460,0,2
1000,FWC,6303128.794,0.000149966,460,0,2
1000,FWC2,610000,0.000413578,460,0,2
1000,FWC3,25500000,0.002467835,460,0,2
1000,JLB,11000000,0.000339684,460,0,1.96
1000,JLB2c,3925000,5.33E-03,460,1,2
1000,JLB3,14454000,0.003425155,460,0,2
1000,LKB,11700000,0.002176096,460,0,2
1000,LKB2,10508460,0.001004352,460,1,2
1000,LKB3,25500000,0.000666519,460,0,2
1000,Tbon2,28600000,0.003402891,460,0,2
1000,Tbon3,18200000,0.002875729,460,0,2
2812,ARD2c,1640000,0,460,0,2
2812,ARD3,9520000,0.0029644,460,0,2
2812,CJ,8920000,0,460,0,1.27
2812,CJ2,7730000,0.0000288,460,0,2
2812,CJ3,2720000,0,460,0,2
2812,FWC,6303128.794,0.00006,460,0,2
2812,FWC2,610000,0,460,0,2
2812,FWC3,25500000,0.0000832,460,0,2
2812,JLB,11000000,0,460,0,1.96
2812,JLB2c,3925000,0.00193706,460,0,2
2812,JLB3,14454000,8.30E-03,460,2,2
2812,LKB,11700000,0.000809061,460,0,2
2812,LKB2,10508460,0,460,0,2
2812,LKB3,25500000,0.000638747,460,0,2
2812,Tbon2,28600000,0,460,0,2
2812,Tbon3,18200000,0,460,0,2
2825,ARD2c,1640000,0.001412845,460,0,2
2825,ARD3,9520000,0.00124671,460,1,2
2825,CJ,8920000,0.00E+00,460,0,1.27
2825,CJ2,7730000,3.17E-04,460,0,2
2825,CJ3,2720000,0,460,0,2
2825,FWC,6303128.794,0.00009,460,0,2
2825,FWC2,610000,1.27E-04,460,0,2
2825,FWC3,25500000,0.000110914,460,0,2
2825,JLB,11000000,0.000820902,460,0,1.96
2825,JLB2c,3925000,3.76E-03,460,1,2
2825,JLB3,14454000,0.00595048,460,1,2
2825,LKB,11700000,5.58E-05,460,0,2
2825,LKB2,10508460,0,460,0,2
2825,LKB3,25500000,0.000361031,460,0,2
2825,Tbon2,28600000,0,460,0,2
2825,Tbon3,18200000,0,460,0,2
2828,ARD2c,1640000,8.83E-05,460,0,2
2828,ARD3,9520000,0.000748026,460,0,2
2828,CJ,8920000,0,460,0,1.27
2828,CJ2,7730000,0.000287894,460,0,2
2828,CJ3,2720000,0,460,0,2
2828,FWC,6303128.794,0.00E+00,460,0,2
2828,FWC2,610000,0,460,0,2
2828,FWC3,25500000,0.0000555,460,0,2
2828,JLB,11000000,0.000594446,460,0,1.96
2828,JLB2c,3925000,0.00101064,460,0,2
2828,JLB3,14454000,0.003280021,460,1,2
2828,LKB,11700000,0.00E+00,460,0,2
2828,LKB2,10508460,0,460,0,2
2828,LKB3,25500000,5.55E-05,460,0,2
2828,Tbon2,28600000,0,460,0,2
2828,Tbon3,18200000,0,460,0,2
5019,ARD2c,1640000,0.006652146,460,0,2
5019,ARD3,9520000,0.001579166,460,1,2
5019,CJ,8920000,0,460,0,1.27
5019,CJ2,7730000,0,460,0,2
5019,CJ3,2720000,0,460,0,2
5019,FWC,6303128.794,5.10E-04,460,0,2
5019,FWC2,610000,0.000318137,460,0,2
5019,FWC3,25500000,2.22E-04,460,0,2
5019,JLB,11000000,0.000396297,460,0,1.96
5019,JLB2c,3925000,2.11E-03,460,2,2
5019,JLB3,14454000,2.47E-03,460,0,2
5019,LKB,11700000,0.000223189,460,0,2
5019,LKB2,10508460,1.95E-04,460,0,2
5019,LKB3,25500000,2.50E-04,460,0,2
5019,Tbon2,28600000,0,460,0,2
5019,Tbon3,18200000,0.0000558,460,0,2
7731,ARD2c,1640000,0.001059634,460,0,2
7731,ARD3,9520000,0.00961352,460,2,2
7731,CJ,8920000,0,460,0,1.27
7731,CJ2,7730000,0.0000288,460,0,2
7731,CJ3,2720000,0,460,0,2
7731,FWC,6303128.794,3.03E-03,460,3,2
7731,FWC2,610000,0.002099704,460,0,2
7731,FWC3,25500000,3.88E-04,460,0,2
7731,JLB,11000000,0.00093413,460,0,1.96
7731,JLB2c,3925000,0.011481991,460,3,2
7731,JLB3,14454000,0.015006821,460,2,2
7731,LKB,11700000,0.006751479,460,0,2
7731,LKB2,10508460,0.003961611,460,0,2
7731,LKB3,25500000,0.005221062,460,0,2
7731,Tbon2,28600000,0,460,0,2
7731,Tbon3,18200000,0.000279197,460,0,2
2843,ARD2c,1640000,0.000529817,460,0,2
2843,ARD3,9520000,0.000858845,460,0,2
2843,CJ,8920000,0.00E+00,460,0,1.27
2843,CJ2,7730000,0,460,0,2
2843,CJ3,2720000,0,460,0,2
2843,FWC,6303128.794,0.000299931,460,0,2
2843,FWC2,610000,0,460,0,2
2843,FWC3,25500000,0,460,1,2
2843,JLB,11000000,0,460,0,1.96
2843,JLB2c,3925000,0.000140367,460,0,2
2843,JLB3,14454000,0.000116107,460,0,2
2843,LKB,11700000,0.00E+00,460,0,2
2843,LKB2,10508460,0,460,0,2
2843,LKB3,25500000,0,460,0,2
2843,Tbon2,28600000,0,460,0,2
2843,Tbon3,18200000,0,460,0,2
5073,ARD2c,1640000,0,460,0,2
5073,ARD3,9520000,0,460,0,2
5073,CJ,8920000,0.018324389,460,0,1.27
5073,CJ2,7730000,0.005844249,460,0,2
5073,CJ3,2720000,0.015563213,460,6,2
5073,FWC,6303128.794,0.000209952,460,0,2
5073,FWC2,610000,0.022524099,460,1,2
5073,FWC3,25500000,0.00676575,460,3,2
5073,JLB,11000000,2.42E-02,460,0,1.96
5073,JLB2c,3925000,0.00016844,460,0,2
5073,JLB3,14454000,0.006385881,460,0,2
5073,LKB,11700000,0,460,0,2
5073,LKB2,10508460,0,460,0,2
5073,LKB3,25500000,0,460,0,2
5073,Tbon2,28600000,3.85E-03,460,0,2
5073,Tbon3,18200000,0.019320434,460,7,2
6516,ARD2c,1640000,0,460,0,2
6516,ARD3,9520000,0,460,0,2
6516,CJ,8920000,0.009454161,460,0,1.27
6516,CJ2,7730000,0.004203253,460,1,2
6516,CJ3,2720000,0.010224833,460,4,2
6516,FWC,6303128.794,0.00003,460,0,2
6516,FWC2,610000,0.001813381,460,0,2
6516,FWC3,25500000,0.002079636,460,0,2
6516,JLB,11000000,0.0077278,460,0,1.96
6516,JLB2c,3925000,0,460,0,2
6516,JLB3,14454000,0.000580535,460,0,2
6516,LKB,11700000,0,460,0,2
6516,LKB2,10508460,0,460,0,2
6516,LKB3,25500000,0,460,0,2
6516,Tbon2,28600000,0.001068677,460,0,2
6516,Tbon3,18200000,0.002596532,460,0,2
7192,ARD2c,1640000,0,460,0,2
7192,ARD3,9520000,0,460,0,2
7192,CJ,8920000,0.001445931,460,0,1.27
7192,CJ2,7730000,0.000201526,460,0,2
7192,CJ3,2720000,0.000423681,460,1,2
7192,FWC,6303128.794,0,460,0,2
7192,FWC2,610000,0,460,0,2
7192,FWC3,25500000,0.0000277,460,0,2
7192,JLB,11000000,0,460,0,1.96
7192,JLB2c,3925000,0,460,0,2
7192,JLB3,14454000,0,460,0,2
7192,LKB,11700000,0.00E+00,460,0,2
7192,LKB2,10508460,0,460,0,2
7192,LKB3,25500000,0,460,0,2
7192,Tbon2,28600000,0,460,0,2
7192,Tbon3,18200000,5.58E-05,460,0,2
7193,ARD2c,1640000,0,460,0,2
7193,ARD3,9520000,0,460,0,2
7193,CJ,8920000,0.000556127,460,0,1.27
7193,CJ2,7730000,0.001007629,460,1,2
7193,CJ3,2720000,0.001581742,460,0,2
7193,FWC,6303128.794,0,460,0,2
7193,FWC2,610000,0,460,0,2
7193,FWC3,25500000,0.0000555,460,0,2
7193,JLB,11000000,0,460,0,1.96
7193,JLB2c,3925000,0.00E+00,460,0,2
7193,JLB3,14454000,0,460,0,2
7193,LKB,11700000,0,460,0,2
7193,LKB2,10508460,0,460,0,2
7193,LKB3,25500000,0,460,0,2
7193,Tbon2,28600000,0,460,0,2
7193,Tbon3,18200000,0.0000838,460,0,2
5713,ARD2c,1640000,0,460,0,2
5713,ARD3,9520000,0.004072586,460,0,2
5713,CJ,8920000,0.017184328,460,0,1.27
5713,CJ2,7730000,0.012379444,460,1,2
5713,CJ3,2720000,0.027821715,460,0,2
5713,FWC,6303128.794,0.00047989,460,0,2
5713,FWC2,610000,0.014920625,460,0,2
5713,FWC3,25500000,0.012145075,460,0,2
5713,JLB,11000000,0.005689699,460,0,1.96
5713,JLB2c,3925000,4.04E-03,460,0,2
5713,JLB3,14454000,0.000203187,460,0,2
5713,LKB,11700000,1.17E-03,460,0,2
5713,LKB2,10508460,0.001199643,460,0,2
5713,LKB3,25500000,0.001110864,460,0,2
5713,Tbon2,28600000,0.007986951,460,0,2
5713,Tbon3,18200000,0.008599269,460,0,2
3526,ARD2c,1640000,0.005945723,460,0,2
3526,ARD3,9520000,0.000470979,460,1,2
3526,CJ,8920000,0,460,0,1.27
3526,CJ2,7730000,0,460,0,2
3526,CJ3,2720000,2.82E-05,460,0,2
3526,FWC,6303128.794,0.00009,460,0,2
3526,FWC2,610000,0,460,0,2
3526,FWC3,25500000,2.77E-05,460,0,2
3526,JLB,11000000,0,460,0,1.96
3526,JLB2c,3925000,0.00E+00,460,0,2
3526,JLB3,14454000,0,460,0,2
3526,LKB,11700000,0,460,0,2
3526,LKB2,10508460,0.00E+00,460,0,2
3526,LKB3,25500000,0,460,0,2
3526,Tbon2,28600000,0,460,0,2
3526,Tbon3,18200000,0.0000279,460,0,2
7279,ARD2c,1640000,0.000706423,460,0,2
7279,ARD3,9520000,0.0000277,460,0,2
7279,CJ,8920000,0.00E+00,460,0,1.27
7279,CJ2,7730000,0,460,0,2
7279,CJ3,2720000,0,460,0,2
7279,FWC,6303128.794,0.001589634,460,3,2
7279,FWC2,610000,0,460,0,2
7279,FWC3,25500000,1.94E-04,460,0,2
7279,JLB,11000000,0,460,0,1.96
7279,JLB2c,3925000,0.000196513,460,0,2
7279,JLB3,14454000,0.000145134,460,0,2
7279,LKB,11700000,0,460,0,2
7279,LKB2,10508460,0,460,0,2
7279,LKB3,25500000,0,460,0,2
7279,Tbon2,28600000,0,460,0,2
7279,Tbon3,18200000,0.00E+00,460,0,2
5504,ARD2c,1640000,0,460,0,2
5504,ARD3,9520000,0,460,0,2
5504,CJ,8920000,0.000111225,460,0,1.27
5504,CJ2,7730000,0,460,1,2
5504,CJ3,2720000,0.000762626,460,1,2
5504,FWC,6303128.794,0,460,0,2
5504,FWC2,610000,0,460,0,2
5504,FWC3,25500000,0.000720941,460,1,2
5504,JLB,11000000,0,460,0,1.96
5504,JLB2c,3925000,0,460,0,2
5504,JLB3,14454000,0.000029,460,0,2
5504,LKB,11700000,0,460,0,2
5504,LKB2,10508460,0,460,0,2
5504,LKB3,25500000,0,460,0,2
5504,Tbon2,28600000,0.0000562,460,0,2
5504,Tbon3,18200000,0.000223358,460,0,2
7518,ARD2c,1640000,0,460,0,2
7518,ARD3,9520000,0.0000277,460,0,2
7518,CJ,8920000,0.003753858,460,0,1.27
7518,CJ2,7730000,0.008262559,460,2,2
7518,CJ3,2720000,3.22E-03,460,0,2
7518,FWC,6303128.794,0.000299931,460,0,2
7518,FWC2,610000,0.004008526,460,0,2
7518,FWC3,25500000,0.003327418,460,0,2
7518,JLB,11000000,0.000905823,460,1,1.96
7518,JLB2c,3925000,4.01E-03,460,0,2
7518,JLB3,14454000,0.02745929,460,0,2
7518,LKB,11700000,0,460,0,2
7518,LKB2,10508460,0,460,0,2
7518,LKB3,25500000,0,460,0,2
7518,Tbon2,28600000,0.005259013,460,0,2
7518,Tbon3,18200000,0.005388503,460,1,2
1285,ARD2c,1640000,0,460,0,2
1285,ARD3,9520000,0,460,0,2
1285,CJ,8920000,0,460,0,1.27
1285,CJ2,7730000,0.000374262,460,0,2
1285,CJ3,2720000,0.0000565,460,0,2
1285,FWC,6303128.794,0,460,0,2
1285,FWC2,610000,0,460,0,2
1285,FWC3,25500000,0,460,0,2
1285,JLB,11000000,0.002717468,460,0,1.96
1285,JLB2c,3925000,0.000196513,460,0,2
1285,JLB3,14454000,0.003309048,460,1,2
1285,LKB,11700000,0,460,0,2
1285,LKB2,10508460,0,460,0,2
1285,LKB3,25500000,0,460,0,2
1285,Tbon2,28600000,0,460,0,2
1285,Tbon3,18200000,0,460,0,2
3488,ARD2c,1640000,0,460,0,2
3488,ARD3,9520000,0,460,0,2
3488,CJ,8920000,0,460,0,1.27
3488,CJ2,7730000,0.000546999,460,0,2
3488,CJ3,2720000,0.0000282,460,0,2
3488,FWC,6303128.794,0.00003,460,0,2
3488,FWC2,610000,0,460,0,2
3488,FWC3,25500000,0,460,0,2
3488,JLB,11000000,0.00E+00,460,0,1.96
3488,JLB2c,3925000,0.002975773,460,0,2
3488,JLB3,14454000,0.004789411,460,1,2
3488,LKB,11700000,0,460,0,2
3488,LKB2,10508460,0,460,0,2
3488,LKB3,25500000,0,460,0,2
3488,Tbon2,28600000,0,460,0,2
3488,Tbon3,18200000,0,460,0,2
2234,ARD2c,1640000,0.00020604,460,0,2
2234,ARD3,9520000,0.002188669,460,0,2
2234,CJ,8920000,0.000166838,460,0,1.27
2234,CJ2,7730000,0.002389521,460,0,2
2234,CJ3,2720000,0.000169472,460,0,2
2234,FWC,6303128.794,0.004498965,460,0,2
2234,FWC2,610000,0.000699901,460,0,2
2234,FWC3,25500000,0.001913265,460,1,2
2234,JLB,11000000,0.000254763,460,0,1.96
2234,JLB2c,3925000,0.010892451,460,5,2
2234,JLB3,14454000,0.006676149,460,0,2
2234,LKB,11700000,0.003459435,460,0,2
2234,LKB2,10508460,0.006388796,460,4,2
2234,LKB3,25500000,0.003082648,460,0,2
2234,Tbon2,28600000,0.002615445,460,0,2
2234,Tbon3,18200000,0.001507664,460,0,2
6379,ARD2c,1640000,0,460,0,2
6379,ARD3,9520000,5.54E-05,460,0,2
6379,CJ,8920000,0,460,0,1.27
6379,CJ2,7730000,0,460,0,2
6379,CJ3,2720000,0,460,0,2
6379,FWC,6303128.794,0.00009,460,0,2
6379,FWC2,610000,0,460,0,2
6379,FWC3,25500000,0,460,0,2
6379,JLB,11000000,0,460,0,1.96
6379,JLB2c,3925000,0.0000561,460,0,2
6379,JLB3,14454000,0,460,0,2
6379,LKB,11700000,0.000111595,460,0,2
6379,LKB2,10508460,0.001562326,460,2,2
6379,LKB3,25500000,0,460,0,2
6379,Tbon2,28600000,0.000478092,460,0,2
6379,Tbon3,18200000,0.0000279,460,0,2
6387,ARD2c,1640000,0,460,0,2
6387,ARD3,9520000,0.0000277,460,0,2
6387,CJ,8920000,0,460,0,1.27
6387,CJ2,7730000,0.000172736,460,0,2
6387,CJ3,2720000,0.00E+00,460,0,2
6387,FWC,6303128.794,0.00009,460,0,2
6387,FWC2,610000,0,460,0,2
6387,FWC3,25500000,0,460,0,2
6387,JLB,11000000,0,460,0,1.96
6387,JLB2c,3925000,6.74E-04,460,1,2
6387,JLB3,14454000,0.0000871,460,0,2
6387,LKB,11700000,0.000223189,460,0,2
6387,LKB2,10508460,0.000167392,460,0,2
6387,LKB3,25500000,0,460,0,2
6387,Tbon2,28600000,2.81E-05,460,0,2
6387,Tbon3,18200000,2.79E-05,460,0,2
6388,ARD2c,1640000,0,460,0,2
6388,ARD3,9520000,1.66E-04,460,0,2
6388,CJ,8920000,0,460,0,1.27
6388,CJ2,7730000,0.0000864,460,0,2
6388,CJ3,2720000,0.0000282,460,0,2
6388,FWC,6303128.794,0.001199724,460,0,2
6388,FWC2,610000,0.0000318,460,0,2
6388,FWC3,25500000,0.000305013,460,0,2
6388,JLB,11000000,0,460,0,1.96
6388,JLB2c,3925000,0.000140367,460,0,2
6388,JLB3,14454000,0,460,0,2
6388,LKB,11700000,0.000195291,460,0,2
6388,LKB2,10508460,0.00083696,460,1,2
6388,LKB3,25500000,0.0000833,460,0,2
6388,Tbon2,28600000,0.000281231,460,0,2
6388,Tbon3,18200000,0.000307117,460,0,2
7025,ARD2c,1640000,0.000117737,460,0,2
7025,ARD3,9520000,0.001468347,460,1,2
7025,CJ,8920000,0.0000278,460,0,1.27
7025,CJ2,7730000,0.000201526,460,0,2
7025,CJ3,2720000,2.82E-04,460,0,2
7025,FWC,6303128.794,0.006418524,460,0,2
7025,FWC2,610000,9.23E-04,460,0,2
7025,FWC3,25500000,0.000859583,460,0,2
7025,JLB,11000000,0.00E+00,460,0,1.96
7025,JLB2c,3925000,0.005249712,460,2,2
7025,JLB3,14454000,0.000261241,460,0,2
7025,LKB,11700000,0.006193505,460,0,2
7025,LKB2,10508460,0.003822118,460,5,2
7025,LKB3,25500000,0.003554766,460,0,2
7025,Tbon2,28600000,0.000506215,460,0,2
7025,Tbon3,18200000,0.000251277,460,0,2
7146,ARD2c,1640000,2.35E-04,460,0,2
7146,ARD3,9520000,2.77E-03,460,1,2
7146,CJ,8920000,0.000250257,460,0,1.27
7146,CJ2,7730000,0.001554628,460,0,2
7146,CJ3,2720000,0.0000847,460,0,2
7146,FWC,6303128.794,0.00986773,460,2,2
7146,FWC2,610000,0.000127255,460,0,2
7146,FWC3,25500000,0.002135093,460,1,2
7146,JLB,11000000,0,460,0,1.96
7146,JLB2c,3925000,8.23E-03,460,3,2
7146,JLB3,14454000,0.000232214,460,0,2
7146,LKB,11700000,5.02E-03,460,0,2
7146,LKB2,10508460,0.00588662,460,4,2
7146,LKB3,25500000,2.92E-03,460,1,2
7146,Tbon2,28600000,0.000871815,460,0,2
7146,Tbon3,18200000,0.001395985,460,0,2
3272,ARD2c,1640000,0.000117737,460,0,2
3272,ARD3,9520000,0.005430115,460,0,2
3272,CJ,8920000,0.0000278,460,0,1.27
3272,CJ2,7730000,0.0000288,460,0,2
3272,CJ3,2720000,0,460,0,2
3272,FWC,6303128.794,0.005188807,460,0,2
3272,FWC2,610000,0.00206789,460,0,2
3272,FWC3,25500000,0.000110914,460,0,2
3272,JLB,11000000,0.006227531,460,0,1.96
3272,JLB2c,3925000,0.012857584,460,1,2
3272,JLB3,14454000,0.005311892,460,0,2
3272,LKB,11700000,0,460,0,2
3272,LKB2,10508460,0.0000558,460,0,2
3272,LKB3,25500000,2.42E-03,460,0,2
3272,Tbon2,28600000,0,460,0,2
3272,Tbon3,18200000,0.000223358,460,0,2
5602,ARD2c,1640000,0,460,0,2
5602,ARD3,9520000,0,460,0,2
5602,CJ,8920000,0.000111225,460,0,1.27
5602,CJ2,7730000,0.001007629,460,0,2
5602,CJ3,2720000,0.000451926,460,0,2
5602,FWC,6303128.794,0.001289703,460,0,2
5602,FWC2,610000,0.000190882,460,0,2
5602,FWC3,25500000,0.0000555,460,0,2
5602,JLB,11000000,0.002802389,460,1,1.96
5602,JLB2c,3925000,0.006260352,460,0,2
5602,JLB3,14454000,0.025717686,460,2,2
5602,LKB,11700000,0,460,0,2
5602,LKB2,10508460,0,460,0,2
5602,LKB3,25500000,0.0000278,460,0,2
5602,Tbon2,28600000,0.000478092,460,0,2
5602,Tbon3,18200000,3.35E-04,460,0,2
5507,ARD2c,1640000,0.0000294,460,0,2
5507,ARD3,9520000,0.0000277,460,0,2
5507,CJ,8920000,0.001056642,460,0,1.27
5507,CJ2,7730000,0.002044048,460,0,2
5507,CJ3,2720000,0.001299288,460,0,2
5507,FWC,6303128.794,0.000209952,460,0,2
5507,FWC2,610000,0.001081666,460,0,2
5507,FWC3,25500000,0.000887311,460,0,2
5507,JLB,11000000,0,460,0,1.96
5507,JLB2c,3925000,0.000477247,460,0,2
5507,JLB3,14454000,0.000551508,460,0,2
5507,LKB,11700000,0,460,0,2
5507,LKB2,10508460,0,460,0,2
5507,LKB3,25500000,0.0000278,460,0,2
5507,Tbon2,28600000,0.000562461,460,0,2
5507,Tbon3,18200000,0.000642153,460,2,2
5512,ARD2c,1640000,0,460,0,2
5512,ARD3,9520000,0.0000831,460,0,2
5512,CJ,8920000,0.002446959,460,1,1.27
5512,CJ2,7730000,0.003828991,460,5,2
5512,CJ3,2720000,0.002287877,460,2,2
5512,FWC,6303128.794,0.001049759,460,0,2
5512,FWC2,610000,0.019533611,460,6,2
5512,FWC3,25500000,0.001996451,460,0,2
5512,JLB,11000000,0.006001076,460,2,1.96
5512,JLB2c,3925000,0.000533393,460,0,2
5512,JLB3,14454000,0.013874779,460,2,2
5512,LKB,11700000,0,460,0,2
5512,LKB2,10508460,0,460,0,2
5512,LKB3,25500000,0,460,0,2
5512,Tbon2,28600000,0.000646831,460,0,2
5512,Tbon3,18200000,0.001563503,460,1,2
1389,ARD2c,1640000,0,460,0,2
1389,ARD3,9520000,1.72E-03,460,0,2
1389,CJ,8920000,0.003392375,460,0,1.27
1389,CJ2,7730000,0.001209155,460,0,2
1389,CJ3,2720000,2.97E-03,460,2,2
1389,FWC,6303128.794,0.002489427,460,0,2
1389,FWC2,610000,0.01332994,460,0,2
1389,FWC3,25500000,0.005739796,460,0,2
1389,JLB,11000000,0.01825799,460,0,1.96
1389,JLB2c,3925000,5.05E-04,460,0,2
1389,JLB3,14454000,0.010914052,460,0,2
1389,LKB,11700000,0,460,0,2
1389,LKB2,10508460,0.0000837,460,0,2
1389,LKB3,25500000,0.000138858,460,0,2
1389,Tbon2,28600000,0.001631138,460,0,2
1389,Tbon3,18200000,0.003210766,460,5,2
6693,ARD2c,1640000,0,460,0,2
6693,ARD3,9520000,0.001108187,460,0,2
6693,CJ,8920000,1.81E-03,460,0,1.27
6693,CJ2,7730000,0.003253203,460,0,2
6693,CJ3,2720000,0.000621399,460,0,2
6693,FWC,6303128.794,0.001589634,460,0,2
6693,FWC2,610000,0.011834696,460,0,2
6693,FWC3,25500000,0.00255102,460,0,2
6693,JLB,11000000,0.004529114,460,0,1.96
6693,JLB2c,3925000,0.00067376,460,0,2
6693,JLB3,14454000,0.002641433,460,0,2
6693,LKB,11700000,0.0000279,460,0,2
6693,LKB2,10508460,0,460,0,2
6693,LKB3,25500000,0,460,0,2
6693,Tbon2,28600000,0.001040553,460,0,2
6693,Tbon3,18200000,0.001340146,460,1,2
7241,ARD2c,1640000,1.47E-04,460,0,2
7241,ARD3,9520000,0.034159856,460,0,2
7241,CJ,8920000,6.70E-03,460,0,1.27
7241,CJ2,7730000,1.50E-02,460,2,2
7241,CJ3,2720000,0.001722969,460,0,2
7241,FWC,6303128.794,3.68E-02,460,0,2
7241,FWC2,610000,9.13E-03,460,2,2
7241,FWC3,25500000,1.50E-02,460,0,2
7241,JLB,11000000,0.051462055,460,0,1.96
7241,JLB2c,3925000,0.028662867,460,2,2
7241,JLB3,14454000,0.025630606,460,0,2
7241,LKB,11700000,0.01975226,460,0,2
7241,LKB2,10508460,1.12E-02,460,2,2
7241,LKB3,25500000,2.27E-02,460,0,2
7241,Tbon2,28600000,0.013780303,460,0,2
7241,Tbon3,18200000,0.008599269,460,0,2
1505,ARD2c,1640000,0,460,0,2
1505,ARD3,9520000,0,460,0,2
1505,CJ,8920000,1.97E-03,460,1,1.27
1505,CJ2,7730000,0.003080466,460,0,2
1505,CJ3,2720000,0.005366625,460,1,2
1505,FWC,6303128.794,0.000329924,460,0,2
1505,FWC2,610000,0.002195145,460,2,2
1505,FWC3,25500000,0.00238465,460,0,2
1505,JLB,11000000,0.000962437,460,0,1.96
1505,JLB2c,3925000,0.001038713,460,0,2
1505,JLB3,14454000,0.002380192,460,0,2
1505,LKB,11700000,0,460,0,2
1505,LKB2,10508460,0,460,0,2
1505,LKB3,25500000,0.00E+00,460,0,2
1505,Tbon2,28600000,6.47E-04,460,0,2
1505,Tbon3,18200000,0.003071167,460,1,2
1623,ARD2c,1640000,0,460,0,2
1623,ARD3,9520000,0,460,0,2
1623,CJ,8920000,0.000333676,460,0,1.27
1623,CJ2,7730000,0.00048942,460,0,2
1623,CJ3,2720000,0.000706135,460,0,2
1623,FWC,6303128.794,0,460,0,2
1623,FWC2,610000,0.0000318,460,0,2
1623,FWC3,25500000,0.000526841,460,2,2
1623,JLB,11000000,0.0000849,460,0,1.96
1623,JLB2c,3925000,0.000140367,460,0,2
1623,JLB3,14454000,0.000435401,460,0,2
1623,LKB,11700000,0,460,0,2
1623,LKB2,10508460,0,460,0,2
1623,LKB3,25500000,0,460,0,2
1623,Tbon2,28600000,0.000224985,460,0,2
1623,Tbon3,18200000,0.000418796,460,1,2
3580,ARD2c,1640000,0,460,0,2
3580,ARD3,9520000,0,460,0,2
3580,CJ,8920000,0.0000556,460,0,1.27
3580,CJ2,7730000,0.0000288,460,0,2
3580,CJ3,2720000,0.000112982,460,1,2
3580,FWC,6303128.794,0,460,0,2
3580,FWC2,610000,3.82E-04,460,0,2
3580,FWC3,25500000,0.0000277,460,0,2
3580,JLB,11000000,0.000254763,460,0,1.96
3580,JLB2c,3925000,0,460,0,2
3580,JLB3,14454000,0.001103016,460,0,2
3580,LKB,11700000,0,460,0,2
3580,LKB2,10508460,0.00E+00,460,0,2
3580,LKB3,25500000,0.00E+00,460,0,2
3580,Tbon2,28600000,0.0000281,460,0,2
3580,Tbon3,18200000,2.79E-04,460,0,2
3581,ARD2c,1640000,0,460,0,2
3581,ARD3,9520000,0,460,0,2
3581,CJ,8920000,0.0000834,460,0,1.27
3581,CJ2,7730000,0.000143947,460,0,2
3581,CJ3,2720000,0.000621399,460,1,2
3581,FWC,6303128.794,0.00E+00,460,0,2
3581,FWC2,610000,0.000127255,460,0,2
3581,FWC3,25500000,0.0000832,460,0,2
3581,JLB,11000000,0.0000849,460,0,1.96
3581,JLB2c,3925000,0,460,0,2
3581,JLB3,14454000,0,460,0,2
3581,LKB,11700000,0.00E+00,460,0,2
3581,LKB2,10508460,0.00E+00,460,0,2
3581,LKB3,25500000,0,460,0,2
3581,Tbon2,28600000,0,460,0,2
3581,Tbon3,18200000,3.91E-04,460,0,2
5579,ARD2c,1640000,0,460,0,2
5579,ARD3,9520000,0,460,0,2
5579,CJ,8920000,0.000389289,460,0,1.27
5579,CJ2,7730000,0.000518209,460,0,2
5579,CJ3,2720000,0.00177946,460,0,2
5579,FWC,6303128.794,0,460,0,2
5579,FWC2,610000,0.000477205,460,0,2
5579,FWC3,25500000,1.22E-03,460,0,2
5579,JLB,11000000,2.83E-05,460,0,1.96
5579,JLB2c,3925000,0,460,0,2
5579,JLB3,14454000,0.0000581,460,0,2
5579,LKB,11700000,0,460,0,2
5579,LKB2,10508460,0.00E+00,460,0,2
5579,LKB3,25500000,0,460,0,2
5579,Tbon2,28600000,0.0000562,460,0,2
5579,Tbon3,18200000,0.000530474,460,1,2
5595,ARD2c,1640000,0,460,0,2
5595,ARD3,9520000,0,460,0,2
5595,CJ,8920000,0.000111225,460,0,1.27
5595,CJ2,7730000,3.45E-04,460,1,2
5595,CJ3,2720000,0.002231386,460,1,2
5595,FWC,6303128.794,0,460,0,2
5595,FWC2,610000,0.000477205,460,0,2
5595,FWC3,25500000,0.000166371,460,0,2
5595,JLB,11000000,0.000226456,460,0,1.96
5595,JLB2c,3925000,0.00E+00,460,0,2
5595,JLB3,14454000,5.81E-04,460,0,2
5595,LKB,11700000,0.00E+00,460,0,2
5595,LKB2,10508460,0,460,0,2
5595,LKB3,25500000,0,460,0,2
5595,Tbon2,28600000,0,460,0,2
5595,Tbon3,18200000,0.000335036,460,0,2
6780,ARD2c,1640000,0,460,0,2
6780,ARD3,9520000,0,460,0,2
6780,CJ,8920000,6.12E-04,460,0,1.27
6780,CJ2,7730000,0.000316683,460,0,2
6780,CJ3,2720000,0.003050503,460,1,2
6780,FWC,6303128.794,0.00E+00,460,0,2
6780,FWC2,610000,0.001272548,460,0,2
6780,FWC3,25500000,0.000610027,460,0,2
6780,JLB,11000000,0.0000849,460,0,1.96
6780,JLB2c,3925000,0,460,0,2
6780,JLB3,14454000,5.52E-04,460,0,2
6780,LKB,11700000,0.00E+00,460,0,2
6780,LKB2,10508460,0.00E+00,460,0,2
6780,LKB3,25500000,0,460,0,2
6780,Tbon2,28600000,0,460,0,2
6780,Tbon3,18200000,0.000195438,460,0,2
6781,ARD2c,1640000,0,460,0,2
6781,ARD3,9520000,0,460,0,2
6781,CJ,8920000,0.00030587,460,0,1.27
6781,CJ2,7730000,0.000172736,460,0,2
6781,CJ3,2720000,0.000847362,460,1,2
6781,FWC,6303128.794,0.00E+00,460,0,2
6781,FWC2,610000,0,460,0,2
6781,FWC3,25500000,0.00E+00,460,0,2
6781,JLB,11000000,0,460,0,1.96
6781,JLB2c,3925000,0,460,0,2
6781,JLB3,14454000,0,460,0,2
6781,LKB,11700000,0,460,0,2
6781,LKB2,10508460,0,460,0,2
6781,LKB3,25500000,0,460,0,2
6781,Tbon2,28600000,0.000140615,460,0,2
6781,Tbon3,18200000,0,460,0,2
6783,ARD2c,1640000,0.00E+00,460,0,2
6783,ARD3,9520000,0,460,0,2
6783,CJ,8920000,0.002419153,460,0,1.27
6783,CJ2,7730000,0.000777314,460,1,2
6783,CJ3,2720000,0.001073325,460,0,2
6783,FWC,6303128.794,0,460,0,2
6783,FWC2,610000,0.000190882,460,0,2
6783,FWC3,25500000,0.000443656,460,0,2
6783,JLB,11000000,0,460,0,1.96
6783,JLB2c,3925000,0.0000281,460,0,2
6783,JLB3,14454000,0,460,0,2
6783,LKB,11700000,0,460,0,2
6783,LKB2,10508460,0,460,0,2
6783,LKB3,25500000,0,460,0,2
6783,Tbon2,28600000,0.000421846,460,0,2
6783,Tbon3,18200000,9.49E-04,460,0,2
7286,ARD2c,1640000,0,460,0,2
7286,ARD3,9520000,0,460,0,2
7286,CJ,8920000,0.003114312,460,0,1.27
7286,CJ2,7730000,0.002101627,460,0,2
7286,CJ3,2720000,2.68E-03,460,1,2
7286,FWC,6303128.794,0.00009,460,0,2
7286,FWC2,610000,0.000954411,460,0,2
7286,FWC3,25500000,0.001414153,460,3,2
7286,JLB,11000000,0.000141535,460,0,1.96
7286,JLB2c,3925000,0,460,0,2
7286,JLB3,14454000,0.000609561,460,0,2
7286,LKB,11700000,0,460,0,2
7286,LKB2,10508460,0.00E+00,460,0,2
7286,LKB3,25500000,0,460,0,2
7286,Tbon2,28600000,0.001799876,460,0,2
7286,Tbon3,18200000,0.001563503,460,0,2
7287,ARD2c,1640000,0,460,0,2
7287,ARD3,9520000,0,460,0,2
7287,CJ,8920000,0.000278064,460,0,1.27
7287,CJ2,7730000,0.000374262,460,0,2
7287,CJ3,2720000,5.65E-04,460,0,2
7287,FWC,6303128.794,0,460,0,2
7287,FWC2,610000,0.00E+00,460,0,2
7287,FWC3,25500000,4.16E-04,460,0,2
7287,JLB,11000000,0,460,0,1.96
7287,JLB2c,3925000,0,460,0,2
7287,JLB3,14454000,0.00E+00,460,0,2
7287,LKB,11700000,0.00E+00,460,0,2
7287,LKB2,10508460,0.00E+00,460,0,2
7287,LKB3,25500000,0,460,0,2
7287,Tbon2,28600000,2.81E-05,460,0,2
7287,Tbon3,18200000,0.000390876,460,2,2
1088,ARD2c,1640000,0,460,0,2
1088,ARD3,9520000,0.006344369,460,0,2
1088,CJ,8920000,0.000139032,460,0,1.27
1088,CJ2,7730000,0.000374262,460,0,2
1088,CJ3,2720000,0.0000847,460,0,2
1088,FWC,6303128.794,3.15E-03,460,0,2
1088,FWC2,610000,0.000954411,460,0,2
1088,FWC3,25500000,0.00163598,460,0,2
1088,JLB,11000000,0.005350016,460,0,1.96
1088,JLB2c,3925000,0.011397771,460,1,2
1088,JLB3,14454000,0.012945923,460,0,2
1088,LKB,11700000,0,460,0,2
1088,LKB2,10508460,0,460,0,2
1088,LKB3,25500000,0.000361031,460,0,2
1088,Tbon2,28600000,0.000224985,460,0,2
1088,Tbon3,18200000,0.000753832,460,0,2
1259,ARD2c,1640000,0,460,0,2
1259,ARD3,9520000,0,460,0,2
1259,CJ,8920000,0.000222451,460,0,1.27
1259,CJ2,7730000,0,460,0,2
1259,CJ3,2720000,0,460,0,2
1259,FWC,6303128.794,0.006388531,460,0,2
1259,FWC2,610000,0,460,0,2
1259,FWC3,25500000,0.00E+00,460,0,2
1259,JLB,11000000,0.000113228,460,0,1.96
1259,JLB2c,3925000,0,460,0,2
1259,JLB3,14454000,0.006066587,460,2,2
1259,LKB,11700000,0.00E+00,460,0,2
1259,LKB2,10508460,0,460,0,2
1259,LKB3,25500000,0,460,0,2
1259,Tbon2,28600000,0.0000844,460,0,2
1259,Tbon3,18200000,0.000642153,460,0,2
2874,ARD2c,1640000,0.00E+00,460,0,2
2874,ARD3,9520000,0.001357529,460,0,2
2874,CJ,8920000,1.50E-03,460,0,1.27
2874,CJ2,7730000,0.000431841,460,1,2
2874,CJ3,2720000,0.000762626,460,0,2
2874,FWC,6303128.794,0.00006,460,0,2
2874,FWC2,610000,4.14E-04,460,2,2
2874,FWC3,25500000,0.000110914,460,0,2
2874,JLB,11000000,0.000424604,460,0,1.96
2874,JLB2c,3925000,0.000982566,460,0,2
2874,JLB3,14454000,0.0000871,460,0,2
2874,LKB,11700000,0.00E+00,460,0,2
2874,LKB2,10508460,0,460,0,2
2874,LKB3,25500000,0,460,0,2
2874,Tbon2,28600000,0.001349907,460,0,2
2874,Tbon3,18200000,3.43E-03,460,2,2
5071,ARD2c,1640000,0.000529817,460,0,2
5071,ARD3,9520000,0.000554093,460,0,2
5071,CJ,8920000,0.000250257,460,0,1.27
5071,CJ2,7730000,0.000748525,460,0,2
5071,CJ3,2720000,0.000508417,460,0,2
5071,FWC,6303128.794,0.001559641,460,0,2
5071,FWC2,610000,0.000349951,460,0,2
5071,FWC3,25500000,0.000221828,460,0,2
5071,JLB,11000000,0.005576471,460,0,1.96
5071,JLB2c,3925000,0.002245866,460,2,2
5071,JLB3,14454000,0.009723956,460,0,2
5071,LKB,11700000,0,460,0,2
5071,LKB2,10508460,0,460,0,2
5071,LKB3,25500000,0,460,0,2
5071,Tbon2,28600000,0.001518646,460,0,2
5071,Tbon3,18200000,0.002484854,460,0,2
5072,ARD2c,1640000,0,460,0,2
5072,ARD3,9520000,0.00E+00,460,0,2
5072,CJ,8920000,0,460,0,1.27
5072,CJ2,7730000,0,460,0,2
5072,CJ3,2720000,0,460,0,2
5072,FWC,6303128.794,0.000659848,460,1,2
5072,FWC2,610000,0,460,0,2
5072,FWC3,25500000,0,460,0,2
5072,JLB,11000000,0.00028307,460,0,1.96
5072,JLB2c,3925000,0,460,1,2
5072,JLB3,14454000,0.001857711,460,0,2
5072,LKB,11700000,0,460,0,2
5072,LKB2,10508460,0.0000279,460,0,2
5072,LKB3,25500000,0,460,0,2
5072,Tbon2,28600000,0,460,0,2
5072,Tbon3,18200000,0,460,0,2
6510,ARD2c,1640000,0,460,0,2
6510,ARD3,9520000,2.77E-04,460,0,2
6510,CJ,8920000,0.000166838,460,0,1.27
6510,CJ2,7730000,0,460,0,2
6510,CJ3,2720000,0.000169472,460,0,2
6510,FWC,6303128.794,0.00006,460,0,2
6510,FWC2,610000,2.55E-04,460,0,2
6510,FWC3,25500000,3.60E-04,460,0,2
6510,JLB,11000000,0.0000283,460,0,1.96
6510,JLB2c,3925000,0.001796693,460,1,2
6510,JLB3,14454000,0.000029,460,0,2
6510,LKB,11700000,0.0000279,460,0,2
6510,LKB2,10508460,0,460,0,2
6510,LKB3,25500000,0,460,0,2
6510,Tbon2,28600000,0,460,0,2
6510,Tbon3,18200000,0.000446715,460,0,2
2931,ARD2c,1640000,0.003178902,460,1,2
2931,ARD3,9520000,0.000138523,460,0,2
2931,CJ,8920000,0,460,0,1.27
2931,CJ2,7730000,0,460,0,2
2931,CJ3,2720000,0,460,0,2
2931,FWC,6303128.794,0.001439669,460,0,2
2931,FWC2,610000,1.27E-04,460,0,2
2931,FWC3,25500000,0.000110914,460,0,2
2931,JLB,11000000,0,460,0,1.96
2931,JLB2c,3925000,0.000224587,460,1,2
2931,JLB3,14454000,0.000029,460,0,2
2931,LKB,11700000,0.000111595,460,0,2
2931,LKB2,10508460,0.000251088,460,0,2
2931,LKB3,25500000,0.0000555,460,0,2
2931,Tbon2,28600000,0,460,0,2
2931,Tbon3,18200000,0.0000279,460,0,2
6547,ARD2c,1640000,0.011096721,460,2,2
6547,ARD3,9520000,0.001468347,460,1,2
6547,CJ,8920000,0,460,0,1.27
6547,CJ2,7730000,0.00E+00,460,0,2
6547,CJ3,2720000,0,460,0,2
6547,FWC,6303128.794,0.0017396,460,0,2
6547,FWC2,610000,0.0000636,460,0,2
6547,FWC3,25500000,0.0000555,460,0,2
6547,JLB,11000000,2.83E-04,460,0,1.96
6547,JLB2c,3925000,0.000112293,460,0,2
6547,JLB3,14454000,0,460,0,2
6547,LKB,11700000,0.00083696,460,0,2
6547,LKB2,10508460,0.000502176,460,0,2
6547,LKB3,25500000,2.78E-05,460,0,2
6547,Tbon2,28600000,0,460,0,2
6547,Tbon3,18200000,0.00E+00,460,0,2
5500,ARD2c,1640000,0,460,0,2
5500,ARD3,9520000,0,460,0,2
5500,CJ,8920000,0.00E+00,460,0,1.27
5500,CJ2,7730000,0.002706204,460,0,2
5500,CJ3,2720000,0,460,0,2
5500,FWC,6303128.794,0,460,0,2
5500,FWC2,610000,0.0000318,460,0,2
5500,FWC3,25500000,0.0000277,460,0,2
5500,JLB,11000000,0,460,0,1.96
5500,JLB2c,3925000,0.000224587,460,0,2
5500,JLB3,14454000,0.00E+00,460,0,2
5500,LKB,11700000,0,460,0,2
5500,LKB2,10508460,0,460,0,2
5500,LKB3,25500000,0,460,0,2
5500,Tbon2,28600000,0,460,2,2
5500,Tbon3,18200000,0,460,0,2
6730,ARD2c,1640000,0,460,0,2
6730,ARD3,9520000,0,460,0,2
6730,CJ,8920000,0,460,1,1.27
6730,CJ2,7730000,0.0000864,460,0,2
6730,CJ3,2720000,0.000480172,460,0,2
6730,FWC,6303128.794,0,460,0,2
6730,FWC2,610000,0,460,0,2
6730,FWC3,25500000,0,460,0,2
6730,JLB,11000000,0,460,0,1.96
6730,JLB2c,3925000,0,460,0,2
6730,JLB3,14454000,0.0000581,460,0,2
6730,LKB,11700000,0,460,0,2
6730,LKB2,10508460,0,460,0,2
6730,LKB3,25500000,0,460,0,2
6730,Tbon2,28600000,0.0000844,460,0,2
6730,Tbon3,18200000,0,460,0,2
3572,ARD2c,1640000,0.000353211,460,0,2
3572,ARD3,9520000,0.000138523,460,0,2
3572,CJ,8920000,0,460,0,1.27
3572,CJ2,7730000,0,460,0,2
3572,CJ3,2720000,0,460,0,2
3572,FWC,6303128.794,0.003629165,460,2,2
3572,FWC2,610000,0.0000318,460,0,2
3572,FWC3,25500000,0,460,0,2
3572,JLB,11000000,0,460,0,1.96
3572,JLB2c,3925000,0,460,0,2
3572,JLB3,14454000,0,460,0,2
3572,LKB,11700000,0,460,0,2
3572,LKB2,10508460,0,460,0,2
3572,LKB3,25500000,0,460,0,2
3572,Tbon2,28600000,0,460,0,2
3572,Tbon3,18200000,0,460,0,2
6665,ARD2c,1640000,0,460,0,2
6665,ARD3,9520000,0,460,0,2
6665,CJ,8920000,0,460,0,1.27
6665,CJ2,7730000,0.00E+00,460,0,2
6665,CJ3,2720000,0,460,0,2
6665,FWC,6303128.794,0.000719834,460,0,2
6665,FWC2,610000,0,460,0,2
6665,FWC3,25500000,0.0000277,460,0,2
6665,JLB,11000000,0,460,0,1.96
6665,JLB2c,3925000,0.000140367,460,2,2
6665,JLB3,14454000,0.000116107,460,0,2
6665,LKB,11700000,0,460,0,2
6665,LKB2,10508460,0,460,0,2
6665,LKB3,25500000,0,460,0,2
6665,Tbon2,28600000,0,460,0,2
6665,Tbon3,18200000,0.0000279,460,0,2
7629,ARD2c,1640000,0.145258139,460,0,2
7629,ARD3,9520000,0.051863139,460,0,2
7629,CJ,8920000,0,460,0,1.27
7629,CJ2,7730000,0.0000576,460,0,2
7629,CJ3,2720000,0.000310699,460,0,2
7629,FWC,6303128.794,0.089859332,460,0,2
7629,FWC2,610000,0.010943912,460,0,2
7629,FWC3,25500000,0.018994011,460,0,2
7629,JLB,11000000,0.000198149,460,0,1.96
7629,JLB2c,3925000,4.35E-03,460,0,2
7629,JLB3,14454000,4.64E-04,460,0,2
7629,LKB,11700000,0.049520143,460,0,2
7629,LKB2,10508460,0.080906149,460,1,2
7629,LKB3,25500000,5.56E-02,460,0,2
7629,Tbon2,28600000,1.74E-03,460,0,2
7629,Tbon3,18200000,0.010414049,460,0,2
7471,ARD2c,1640000,0.0010302,460,0,2
7471,ARD3,9520000,0.109599668,460,0,2
7471,CJ,8920000,0.02686094,460,0,1.27
7471,CJ2,7730000,3.83E-02,460,1,2
7471,CJ3,2720000,0.006044515,460,1,2
7471,FWC,6303128.794,0.025644102,460,0,2
7471,FWC2,610000,0.018324691,460,0,2
7471,FWC3,25500000,0.067158385,460,2,2
7471,JLB,11000000,0.046027118,460,0,1.96
7471,JLB2c,3925000,8.34E-02,460,0,2
7471,JLB3,14454000,0.036980059,460,0,2
7471,LKB,11700000,4.61E-02,460,0,2
7471,LKB2,10508460,0.037356322,460,0,2
7471,LKB3,25500000,0.085147745,460,0,2
7471,Tbon2,28600000,0.042353338,460,0,2
7471,Tbon3,18200000,0.038166234,460,0,2
4667,ARD2c,1640000,0,460,0,2
4667,ARD3,9520000,0.000193933,460,0,2
4667,CJ,8920000,5.51E-03,460,0,1.27
4667,CJ2,7730000,0.005930618,460,0,2
4667,CJ3,2720000,0.002739803,460,1,2
4667,FWC,6303128.794,0.000359917,460,0,2
4667,FWC2,610000,0.001399803,460,0,2
4667,FWC3,25500000,0.002772848,460,0,2
4667,JLB,11000000,0.005434936,460,0,1.96
4667,JLB2c,3925000,0.0000281,460,0,2
4667,JLB3,14454000,0.005457026,460,0,2
4667,LKB,11700000,0.00E+00,460,0,2
4667,LKB2,10508460,0,460,0,2
4667,LKB3,25500000,0.0000278,460,0,2
4667,Tbon2,28600000,5.32E-03,460,0,2
4667,Tbon3,18200000,2.85E-03,460,0,2
4672,ARD2c,1640000,0.00E+00,460,0,2
4672,ARD3,9520000,0,460,0,2
4672,CJ,8920000,0.003169925,460,0,1.27
4672,CJ2,7730000,2.27E-03,460,0,2
4672,CJ3,2720000,7.60E-03,460,1,2
4672,FWC,6303128.794,0.00009,460,0,2
4672,FWC2,610000,0.003531321,460,0,2
4672,FWC3,25500000,3.85E-03,460,0,2
4672,JLB,11000000,1.30E-03,460,0,1.96
4672,JLB2c,3925000,1.12E-04,460,0,2
4672,JLB3,14454000,0.000029,460,0,2
4672,LKB,11700000,0,460,0,2
4672,LKB2,10508460,2.79E-05,460,0,2
4672,LKB3,25500000,0,460,0,2
4672,Tbon2,28600000,0.000646831,460,0,2
4672,Tbon3,18200000,0.002736131,460,0,2
1106,ARD2c,1640000,0,460,0,2
1106,ARD3,9520000,0.000138523,460,0,2
1106,CJ,8920000,0.003559214,460,0,1.27
1106,CJ2,7730000,0.004462358,460,1,2
1106,CJ3,2720000,0.001638233,460,0,2
1106,FWC,6303128.794,0.000689841,460,0,2
1106,FWC2,610000,0.006649063,460,1,2
1106,FWC3,25500000,0.003493789,460,1,2
1106,JLB,11000000,0.001075665,460,0,1.96
1106,JLB2c,3925000,0.000393027,460,0,2
1106,JLB3,14454000,0.002815593,460,0,2
1106,LKB,11700000,0.00E+00,460,0,2
1106,LKB2,10508460,0,460,0,2
1106,LKB3,25500000,0.00E+00,460,0,2
1106,Tbon2,28600000,9.84E-04,460,0,2
1106,Tbon3,18200000,0.002093978,460,0,2
5222,ARD2c,1640000,0,460,0,2
5222,ARD3,9520000,0,460,0,2
5222,CJ,8920000,0.000834191,460,0,1.27
5222,CJ2,7730000,6.33E-04,460,0,2
5222,CJ3,2720000,0.001016834,460,1,2
5222,FWC,6303128.794,0,460,0,2
5222,FWC2,610000,0.005122006,460,0,2
5222,FWC3,25500000,0.000748669,460,0,2
5222,JLB,11000000,0.0000566,460,0,1.96
5222,JLB2c,3925000,0,460,0,2
5222,JLB3,14454000,0,460,0,2
5222,LKB,11700000,0,460,0,2
5222,LKB2,10508460,0,460,0,2
5222,LKB3,25500000,0.00E+00,460,0,2
5222,Tbon2,28600000,0.000140615,460,0,2
5222,Tbon3,18200000,0.000809671,460,0,2
5297,ARD2c,1640000,0,460,0,2
5297,ARD3,9520000,0,460,0,2
5297,CJ,8920000,4.23E-03,460,0,1.27
5297,CJ2,7730000,0.002475889,460,0,2
5297,CJ3,2720000,0.00643995,460,2,2
5297,FWC,6303128.794,0.00E+00,460,0,2
5297,FWC2,610000,0,460,0,2
5297,FWC3,25500000,0.002162822,460,0,2
5297,JLB,11000000,0,460,0,1.96
5297,JLB2c,3925000,0,460,0,2
5297,JLB3,14454000,0.00E+00,460,0,2
5297,LKB,11700000,0,460,0,2
5297,LKB2,10508460,0,460,0,2
5297,LKB3,25500000,0,460,0,2
5297,Tbon2,28600000,0.000899938,460,0,2
5297,Tbon3,18200000,1.48E-03,460,0,2
1291,ARD2c,1640000,0.001089068,460,1,2
1291,ARD3,9520000,0,460,0,2
1291,CJ,8920000,0,460,0,1.27
1291,CJ2,7730000,0,460,0,2
1291,CJ3,2720000,0,460,0,2
1291,FWC,6303128.794,0.001589634,460,0,2
1291,FWC2,610000,0.000127255,460,0,2
1291,FWC3,25500000,2.77E-05,460,0,2
1291,JLB,11000000,0,460,0,1.96
1291,JLB2c,3925000,0,460,0,2
1291,JLB3,14454000,0,460,0,2
1291,LKB,11700000,0,460,0,2
1291,LKB2,10508460,0,460,0,2
1291,LKB3,25500000,0.001110864,460,0,2
1291,Tbon2,28600000,0,460,0,2
1291,Tbon3,18200000,0,460,0,2
7249,ARD2c,1640000,0.005621946,460,1,2
7249,ARD3,9520000,0.0000277,460,0,2
7249,CJ,8920000,0,460,0,1.27
7249,CJ2,7730000,0,460,0,2
7249,CJ3,2720000,0,460,0,2
7249,FWC,6303128.794,0.002399448,460,0,2
7249,FWC2,610000,0.00E+00,460,0,2
7249,FWC3,25500000,0.000471384,460,0,2
7249,JLB,11000000,0,460,0,1.96
7249,JLB2c,3925000,0.0000842,460,0,2
7249,JLB3,14454000,0,460,0,2
7249,LKB,11700000,0.002176096,460,0,2
7249,LKB2,10508460,0.002203995,460,1,2
7249,LKB3,25500000,0.003221506,460,0,2
7249,Tbon2,28600000,0.000112492,460,0,2
7249,Tbon3,18200000,0.000139599,460,0,2
2816,ARD2c,1640000,8.83E-05,460,0,2
2816,ARD3,9520000,0.000581798,460,0,2
2816,CJ,8920000,0,460,0,1.27
2816,CJ2,7730000,0,460,0,2
2816,CJ3,2720000,0,460,0,2
2816,FWC,6303128.794,0.00003,460,0,2
2816,FWC2,610000,0,460,0,2
2816,FWC3,25500000,0.000305013,460,0,2
2816,JLB,11000000,0.00E+00,460,0,1.96
2816,JLB2c,3925000,0.00050532,460,0,2
2816,JLB3,14454000,0,460,0,2
2816,LKB,11700000,0.000948555,460,0,2
2816,LKB2,10508460,0.000669568,460,1,2
2816,LKB3,25500000,0.0000278,460,0,2
2816,Tbon2,28600000,0.0000281,460,0,2
2816,Tbon3,18200000,0.0000279,460,0,2
2736,ARD2c,1640000,0,460,0,2
2736,ARD3,9520000,0.00083114,460,0,2
2736,CJ,8920000,0,460,0,1.27
2736,CJ2,7730000,0,460,0,2
2736,CJ3,2720000,0,460,0,2
2736,FWC,6303128.794,0.00006,460,0,2
2736,FWC2,610000,0,460,0,2
2736,FWC3,25500000,0,460,0,2
2736,JLB,11000000,0.019333654,460,0,1.96
2736,JLB2c,3925000,0,460,0,2
2736,JLB3,14454000,0.006211721,460,1,2
2736,LKB,11700000,0,460,0,2
2736,LKB2,10508460,0.0000279,460,0,2
2736,LKB3,25500000,0.0000278,460,0,2
2736,Tbon2,28600000,0,460,0,2
2736,Tbon3,18200000,0,460,0,2
5447,ARD2c,1640000,0.003120033,460,0,2
5447,ARD3,9520000,0.001025073,460,2,2
5447,CJ,8920000,0,460,0,1.27
5447,CJ2,7730000,0.0000288,460,0,2
5447,CJ3,2720000,0,460,0,2
5447,FWC,6303128.794,0.00125971,460,1,2
5447,FWC2,610000,0.0000636,460,0,2
5447,FWC3,25500000,4.71E-04,460,0,2
5447,JLB,11000000,0.0000283,460,0,1.96
5447,JLB2c,3925000,0.0004211,460,1,2
5447,JLB3,14454000,0.000754695,460,0,2
5447,LKB,11700000,0.000753264,460,0,2
5447,LKB2,10508460,0.002036603,460,0,2
5447,LKB3,25500000,0.000777605,460,0,2
5447,Tbon2,28600000,0.000112492,460,0,2
5447,Tbon3,18200000,0.000195438,460,0,2
4212,ARD2c,1640000,0,460,0,2
4212,ARD3,9520000,0,460,0,2
4212,CJ,8920000,0.00E+00,460,0,1.27
4212,CJ2,7730000,0,460,0,2
4212,CJ3,2720000,0.00E+00,460,0,2
4212,FWC,6303128.794,0,460,0,2
4212,FWC2,610000,0,460,0,2
4212,FWC3,25500000,0,460,0,2
4212,JLB,11000000,0.000622753,460,0,1.96
4212,JLB2c,3925000,0,460,0,2
4212,JLB3,14454000,0.003338074,460,1,2
4212,LKB,11700000,0,460,0,2
4212,LKB2,10508460,0,460,0,2
4212,LKB3,25500000,0,460,0,2
4212,Tbon2,28600000,0,460,0,2
4212,Tbon3,18200000,0,460,0,2
3242,ARD2c,1640000,0,460,0,2
3242,ARD3,9520000,0,460,0,2
3242,CJ,8920000,0,460,0,1.27
3242,CJ2,7730000,0.000115158,460,0,2
3242,CJ3,2720000,0,460,0,2
3242,FWC,6303128.794,0.000539876,460,0,2
3242,FWC2,610000,0,460,0,2
3242,FWC3,25500000,0.0000277,460,0,2
3242,JLB,11000000,0,460,0,1.96
3242,JLB2c,3925000,0.000982566,460,1,2
3242,JLB3,14454000,0.001480363,460,0,2
3242,LKB,11700000,0,460,0,2
3242,LKB2,10508460,0,460,0,2
3242,LKB3,25500000,0.000138858,460,0,2
3242,Tbon2,28600000,0.000112492,460,0,2
3242,Tbon3,18200000,0.000111679,460,0,2
1755,ARD2c,1640000,0.0000883,460,0,2
1755,ARD3,9520000,0.000332456,460,0,2
1755,CJ,8920000,0.0000834,460,0,1.27
1755,CJ2,7730000,0.000518209,460,0,2
1755,CJ3,2720000,0.0000565,460,0,2
1755,FWC,6303128.794,0.002159503,460,0,2
1755,FWC2,610000,0.000159068,460,0,2
1755,FWC3,25500000,0.000887311,460,0,2
1755,JLB,11000000,0,460,0,1.96
1755,JLB2c,3925000,0.001965133,460,1,2
1755,JLB3,14454000,0.000232214,460,0,2
1755,LKB,11700000,1.17E-03,460,0,2
1755,LKB2,10508460,0.001199643,460,0,2
1755,LKB3,25500000,1.67E-03,460,0,2
1755,Tbon2,28600000,0.000759323,460,0,2
1755,Tbon3,18200000,0.001256387,460,0,2
